CREATE DATABASE  IF NOT EXISTS `worldbank` /*!40100 DEFAULT CHARACTER SET utf8mb4 COLLATE utf8mb4_0900_ai_ci */ /*!80016 DEFAULT ENCRYPTION='N' */;
USE `worldbank`;countriescountriescountriesCOUNTRY_NAMEcountries
-- MySQL dump 10.13  Distrib 8.0.17, for Win64 (x86_64)
--
-- Host: 127.0.0.1    Database: worldbank
-- ------------------------------------------------------
-- Server version	8.0.17

/*!40101 SET @OLD_CHARACTER_SET_CLIENT=@@CHARACTER_SET_CLIENT */;
/*!40101 SET @OLD_CHARACTER_SET_RESULTS=@@CHARACTER_SET_RESULTS */;
/*!40101 SET @OLD_COLLATION_CONNECTION=@@COLLATION_CONNECTION */;
/*!50503 SET NAMES utf8 */;
/*!40103 SET @OLD_TIME_ZONE=@@TIME_ZONE */;
/*!40103 SET TIME_ZONE='+00:00' */;
/*!40014 SET @OLD_UNIQUE_CHECKS=@@UNIQUE_CHECKS, UNIQUE_CHECKS=0 */;
/*!40014 SET @OLD_FOREIGN_KEY_CHECKS=@@FOREIGN_KEY_CHECKS, FOREIGN_KEY_CHECKS=0 */;
/*!40101 SET @OLD_SQL_MODE=@@SQL_MODE, SQL_MODE='NO_AUTO_VALUE_ON_ZERO' */;
/*!40111 SET @OLD_SQL_NOTES=@@SQL_NOTES, SQL_NOTES=0 */;

--
-- Table structure for table `countries`
--

DROP TABLE IF EXISTS `countries`;
/*!40101 SET @saved_cs_client     = @@character_set_client */;
/*!50503 SET character_set_client = utf8mb4 */;
CREATE TABLE `countries` (
  `COUNTRY_CODE` varchar(8) NOT NULL,
  `COUNTRY_NAME` varchar(45) DEFAULT NULL,
  PRIMARY KEY (`COUNTRY_CODE`)
) ENGINE=InnoDB DEFAULT CHARSET=utf8mb4 COLLATE=utf8mb4_0900_ai_ci;
/*!40101 SET character_set_client = @saved_cs_client */;

--
-- Dumping data for table `countries`
--

LOCK TABLES `countries` WRITE;
/*!40000 ALTER TABLE `countries` DISABLE KEYS */;
INSERT INTO `countries` VALUES ('CHN','China'),('DEU','Germany'),('ESP','Spain'),('GBR','United Kingdom'),('GRC','Greece'),('ITA','Italy'),('JPN','Japan'),('RUS','Russian Federation'),('SAU','Saudi Arabia'),('USA','United States');
/*!40000 ALTER TABLE `countries` ENABLE KEYS */;
UNLOCK TABLES;

--
-- Table structure for table `indicators`
--

DROP TABLE IF EXISTS `indicators`;
/*!40101 SET @saved_cs_client     = @@character_set_client */;
/*!50503 SET character_set_client = utf8mb4 */;
CREATE TABLE `indicators` (
  `INDICATOR_CODE` varchar(16) NOT NULL,
  `INDICATOR_NAME` varchar(140) DEFAULT NULL,
  PRIMARY KEY (`INDICATOR_CODE`)
) ENGINE=InnoDB DEFAULT CHARSET=utf8mb4 COLLATE=utf8mb4_0900_ai_ci;
/*!40101 SET character_set_client = @saved_cs_client */;

--
-- Dumping data for table `indicators`
--

LOCK TABLES `indicators` WRITE;
/*!40000 ALTER TABLE `indicators` DISABLE KEYS */;
INSERT INTO `indicators` VALUES ('NE.EXP.GNFS.ZS','Exports of goods and services (% of GDP)'),('NE.IMP.GNFS.ZS','Imports of goods and services (% of GDP)'),('NE.TRD.GNFS.ZS','Trade (% of GDP)'),('NY.GDP.MKTP.KN','GDP (constant LCU)'),('NY.GDY.TOTL.KN','Gross domestic income (constant LCU)'),('SP.DYN.LE00.IN','Life expectancy at birth, total (years)'),('SP.DYN.TFRT.IN','Fertility rate, total (births per woman)'),('SP.POP.TOTL','Population, total');
/*!40000 ALTER TABLE `indicators` ENABLE KEYS */;
UNLOCK TABLES;

--
-- Table structure for table `measurements`
--

DROP TABLE IF EXISTS `measurements`;
/*!40101 SET @saved_cs_client     = @@character_set_client */;
/*!50503 SET character_set_client = utf8mb4 */;
CREATE TABLE `measurements` (
  `C_CODE` varchar(8) NOT NULL,
  `I_CODE` varchar(32) NOT NULL,
  `YEAR` int(4) NOT NULL,
  `MEASUREMENT` double DEFAULT NULL,
  PRIMARY KEY (`C_CODE`,`I_CODE`,`YEAR`),
  KEY `YEAR_idx` (`YEAR`),
  CONSTRAINT `COUNTRY_CODE` FOREIGN KEY (`C_CODE`) REFERENCES `countries` (`COUNTRY_CODE`) ON DELETE CASCADE ON UPDATE CASCADE,
  CONSTRAINT `YEAR` FOREIGN KEY (`YEAR`) REFERENCES `years` (`YEAR`)
) ENGINE=InnoDB DEFAULT CHARSET=utf8mb4 COLLATE=utf8mb4_0900_ai_ci;
/*!40101 SET character_set_client = @saved_cs_client */;

--
-- Dumping data for table `measurements`
--

LOCK TABLES `measurements` WRITE;
/*!40000 ALTER TABLE `measurements` DISABLE KEYS */;
INSERT INTO `measurements` VALUES ('CHN','EN.ATM.CO2E.PC',1960,1.17038137226978),('CHN','EN.ATM.CO2E.PC',1961,0.836046900792028),('CHN','EN.ATM.CO2E.PC',1962,0.661428164381093),('CHN','EN.ATM.CO2E.PC',1963,0.6400018993602851),('CHN','EN.ATM.CO2E.PC',1964,0.625646053941047),('CHN','EN.ATM.CO2E.PC',1965,0.665524211218076),('CHN','EN.ATM.CO2E.PC',1966,0.710891381561055),('CHN','EN.ATM.CO2E.PC',1967,0.5741621469750179),('CHN','EN.ATM.CO2E.PC',1968,0.60545199674633),('CHN','EN.ATM.CO2E.PC',1969,0.7251495091234571),('CHN','EN.ATM.CO2E.PC',1970,0.942934534989582),('CHN','EN.ATM.CO2E.PC',1971,1.04223969658961),('CHN','EN.ATM.CO2E.PC',1972,1.08067663654397),('CHN','EN.ATM.CO2E.PC',1973,1.09819569131687),('CHN','EN.ATM.CO2E.PC',1974,1.09736711056811),('CHN','EN.ATM.CO2E.PC',1975,1.2501240949590502),('CHN','EN.ATM.CO2E.PC',1976,1.28528313553995),('CHN','EN.ATM.CO2E.PC',1977,1.38884289658754),('CHN','EN.ATM.CO2E.PC',1978,1.5292011096411202),('CHN','EN.ATM.CO2E.PC',1979,1.5426750986837),('CHN','EN.ATM.CO2E.PC',1980,1.49525074931082),('CHN','EN.ATM.CO2E.PC',1981,1.46043181655825),('CHN','EN.ATM.CO2E.PC',1982,1.56673968353113),('CHN','EN.ATM.CO2E.PC',1983,1.62905590778943),('CHN','EN.ATM.CO2E.PC',1984,1.7504480601837302),('CHN','EN.ATM.CO2E.PC',1985,1.87105479144466),('CHN','EN.ATM.CO2E.PC',1986,1.93943425697654),('CHN','EN.ATM.CO2E.PC',1987,2.03841068876927),('CHN','EN.ATM.CO2E.PC',1988,2.1509052249848),('CHN','EN.ATM.CO2E.PC',1989,2.15307791087471),('CHN','EN.ATM.CO2E.PC',1990,2.15157090606377),('CHN','EN.ATM.CO2E.PC',1991,2.22943963920124),('CHN','EN.ATM.CO2E.PC',1992,2.30946367545945),('CHN','EN.ATM.CO2E.PC',1993,2.44280065934625),('CHN','EN.ATM.CO2E.PC',1994,2.5659938917719303),('CHN','EN.ATM.CO2E.PC',1995,2.7557549663652496),('CHN','EN.ATM.CO2E.PC',1996,2.84430958153669),('CHN','EN.ATM.CO2E.PC',1997,2.82056789057578),('CHN','EN.ATM.CO2E.PC',1998,2.67674598026467),('CHN','EN.ATM.CO2E.PC',1999,2.64864924664833),('CHN','EN.ATM.CO2E.PC',2000,2.6968624332254905),('CHN','EN.ATM.CO2E.PC',2001,2.74212081298895),('CHN','EN.ATM.CO2E.PC',2002,3.0070831974383),('CHN','EN.ATM.CO2E.PC',2003,3.52407409267308),('CHN','EN.ATM.CO2E.PC',2004,4.03799065100399),('CHN','EN.ATM.CO2E.PC',2005,4.52317806354125),('CHN','EN.ATM.CO2E.PC',2006,4.98031419657976),('CHN','EN.ATM.CO2E.PC',2007,5.334909929166809),('CHN','EN.ATM.CO2E.PC',2008,5.701915024666799),('CHN','EN.ATM.CO2E.PC',2009,6.01010243303337),('CHN','EN.ATM.CO2E.PC',2010,6.56052000702696),('CHN','EN.ATM.CO2E.PC',2011,7.24151541889549),('CHN','EN.ATM.CO2E.PC',2012,7.4247509163800895),('CHN','EN.ATM.CO2E.PC',2013,7.55721104480691),('CHN','EN.ATM.CO2E.PC',2014,7.543907641449269),('CHN','NE.EXP.GNFS.ZS',1960,4.30582953540576),('CHN','NE.EXP.GNFS.ZS',1961,3.87081067921772),('CHN','NE.EXP.GNFS.ZS',1962,4.05265875064533),('CHN','NE.EXP.GNFS.ZS',1963,4.005447408475529),('CHN','NE.EXP.GNFS.ZS',1964,3.76896387509354),('CHN','NE.EXP.GNFS.ZS',1965,3.63898500576701),('CHN','NE.EXP.GNFS.ZS',1966,3.4944670937682),('CHN','NE.EXP.GNFS.ZS',1967,3.2772266191060098),('CHN','NE.EXP.GNFS.ZS',1968,3.3025629264377003),('CHN','NE.EXP.GNFS.ZS',1969,3.04759963306493),('CHN','NE.EXP.GNFS.ZS',1970,2.49155590647892),('CHN','NE.EXP.GNFS.ZS',1971,2.78806626236314),('CHN','NE.EXP.GNFS.ZS',1972,3.24792352295878),('CHN','NE.EXP.GNFS.ZS',1973,4.24134678180103),('CHN','NE.EXP.GNFS.ZS',1974,4.92980160554514),('CHN','NE.EXP.GNFS.ZS',1975,4.70472117124527),('CHN','NE.EXP.GNFS.ZS',1976,4.5104731312320085),('CHN','NE.EXP.GNFS.ZS',1977,4.29846153846154),('CHN','NE.EXP.GNFS.ZS',1978,4.55595414706769),('CHN','NE.EXP.GNFS.ZS',1979,5.16284335734386),('CHN','NE.EXP.GNFS.ZS',1980,5.911612141578879),('CHN','NE.EXP.GNFS.ZS',1981,7.44757798971743),('CHN','NE.EXP.GNFS.ZS',1982,11.0196293674193),('CHN','NE.EXP.GNFS.ZS',1983,9.51780053267791),('CHN','NE.EXP.GNFS.ZS',1984,9.52669262214982),('CHN','NE.EXP.GNFS.ZS',1985,8.33680172691235),('CHN','NE.EXP.GNFS.ZS',1986,8.71217788685542),('CHN','NE.EXP.GNFS.ZS',1987,12.4821345187692),('CHN','NE.EXP.GNFS.ZS',1988,14.3823208189665),('CHN','NE.EXP.GNFS.ZS',1989,11.844329384091802),('CHN','NE.EXP.GNFS.ZS',1990,13.6147101696208),('CHN','NE.EXP.GNFS.ZS',1991,14.487878146461101),('CHN','NE.EXP.GNFS.ZS',1992,15.658219676310999),('CHN','NE.EXP.GNFS.ZS',1993,16.7022945503192),('CHN','NE.EXP.GNFS.ZS',1994,18.5367485700923),('CHN','NE.EXP.GNFS.ZS',1995,17.9510180778458),('CHN','NE.EXP.GNFS.ZS',1996,17.9232955521271),('CHN','NE.EXP.GNFS.ZS',1997,19.493164459713),('CHN','NE.EXP.GNFS.ZS',1998,18.3423215825108),('CHN','NE.EXP.GNFS.ZS',1999,18.162696158341397),('CHN','NE.EXP.GNFS.ZS',2000,20.893444816469398),('CHN','NE.EXP.GNFS.ZS',2001,20.312145744826697),('CHN','NE.EXP.GNFS.ZS',2002,22.64474567395),('CHN','NE.EXP.GNFS.ZS',2003,26.9807565341723),('CHN','NE.EXP.GNFS.ZS',2004,31.0613375826931),('CHN','NE.EXP.GNFS.ZS',2005,33.8298575661779),('CHN','NE.EXP.GNFS.ZS',2006,36.0350255522634),('CHN','NE.EXP.GNFS.ZS',2007,35.4348016404715),('CHN','NE.EXP.GNFS.ZS',2008,32.6027153223964),('CHN','NE.EXP.GNFS.ZS',2009,24.749859044720306),('CHN','NE.EXP.GNFS.ZS',2010,27.1853298044799),('CHN','NE.EXP.GNFS.ZS',2011,26.5681882847529),('CHN','NE.EXP.GNFS.ZS',2012,25.4925200219095),('CHN','NE.EXP.GNFS.ZS',2013,24.599255662746),('CHN','NE.EXP.GNFS.ZS',2014,23.5937400657372),('CHN','NE.EXP.GNFS.ZS',2015,21.443273561869198),('CHN','NE.EXP.GNFS.ZS',2016,19.752004855682106),('CHN','NE.EXP.GNFS.ZS',2017,19.9629564697161),('CHN','NE.EXP.GNFS.ZS',2018,19.514840305214502),('CHN','NE.IMP.GNFS.ZS',1960,4.42827018570165),('CHN','NE.IMP.GNFS.ZS',1961,3.4894100462549704),('CHN','NE.IMP.GNFS.ZS',1962,2.9082774049217),('CHN','NE.IMP.GNFS.ZS',1963,2.8598894496515297),('CHN','NE.IMP.GNFS.ZS',1964,2.8641404177154905),('CHN','NE.IMP.GNFS.ZS',1965,3.1891580161476405),('CHN','NE.IMP.GNFS.ZS',1966,3.23502938529147),('CHN','NE.IMP.GNFS.ZS',1967,2.97625682755546),('CHN','NE.IMP.GNFS.ZS',1968,2.9184106415916498),('CHN','NE.IMP.GNFS.ZS',1969,2.4054632555295097),('CHN','NE.IMP.GNFS.ZS',1970,2.46085011185682),('CHN','NE.IMP.GNFS.ZS',1971,2.13276893646465),('CHN','NE.IMP.GNFS.ZS',1972,2.5074439742987003),('CHN','NE.IMP.GNFS.ZS',1973,3.75879834554822),('CHN','NE.IMP.GNFS.ZS',1974,5.4036849736535),('CHN','NE.IMP.GNFS.ZS',1975,4.8494818226682),('CHN','NE.IMP.GNFS.ZS',1976,4.32644047380044),('CHN','NE.IMP.GNFS.ZS',1977,4.08615384615385),('CHN','NE.IMP.GNFS.ZS',1978,5.094187393558991),('CHN','NE.IMP.GNFS.ZS',1979,5.9237347732584915),('CHN','NE.IMP.GNFS.ZS',1980,6.5132363860758495),('CHN','NE.IMP.GNFS.ZS',1981,7.4496039902587),('CHN','NE.IMP.GNFS.ZS',1982,8.67333893776168),('CHN','NE.IMP.GNFS.ZS',1983,8.40330217864287),('CHN','NE.IMP.GNFS.ZS',1984,9.50591911770801),('CHN','NE.IMP.GNFS.ZS',1985,12.3760532855031),('CHN','NE.IMP.GNFS.ZS',1986,11.1693020665084),('CHN','NE.IMP.GNFS.ZS',1987,12.3755305590728),('CHN','NE.IMP.GNFS.ZS',1988,15.682449773541698),('CHN','NE.IMP.GNFS.ZS',1989,13.2613658201336),('CHN','NE.IMP.GNFS.ZS',1990,10.6584219385709),('CHN','NE.IMP.GNFS.ZS',1991,11.4618459598733),('CHN','NE.IMP.GNFS.ZS',1992,14.4874967792173),('CHN','NE.IMP.GNFS.ZS',1993,19.353783317961),('CHN','NE.IMP.GNFS.ZS',1994,17.2330664184822),('CHN','NE.IMP.GNFS.ZS',1995,16.3230779490987),('CHN','NE.IMP.GNFS.ZS',1996,15.891449914470801),('CHN','NE.IMP.GNFS.ZS',1997,15.039852899528),('CHN','NE.IMP.GNFS.ZS',1998,14.0823746877505),('CHN','NE.IMP.GNFS.ZS',1999,15.3618705728248),('CHN','NE.IMP.GNFS.ZS',2000,18.5170939709101),('CHN','NE.IMP.GNFS.ZS',2001,18.2152135311025),('CHN','NE.IMP.GNFS.ZS',2002,20.1026579597863),('CHN','NE.IMP.GNFS.ZS',2003,24.823231465802998),('CHN','NE.IMP.GNFS.ZS',2004,28.44418664170589),('CHN','NE.IMP.GNFS.ZS',2005,28.3780352999888),('CHN','NE.IMP.GNFS.ZS',2006,28.44385835150489),('CHN','NE.IMP.GNFS.ZS',2007,26.7585672977326),('CHN','NE.IMP.GNFS.ZS',2008,25.0100023270108),('CHN','NE.IMP.GNFS.ZS',2009,20.435017003994602),('CHN','NE.IMP.GNFS.ZS',2010,23.531742418344997),('CHN','NE.IMP.GNFS.ZS',2011,24.1727142766675),('CHN','NE.IMP.GNFS.ZS',2012,22.774998175201503),('CHN','NE.IMP.GNFS.ZS',2013,22.1451222440111),('CHN','NE.IMP.GNFS.ZS',2014,21.4713066389347),('CHN','NE.IMP.GNFS.ZS',2015,18.1857333347036),('CHN','NE.IMP.GNFS.ZS',2016,17.4581934027583),('CHN','NE.IMP.GNFS.ZS',2017,18.186731746546897),('CHN','NE.IMP.GNFS.ZS',2018,18.7313138032856),('CHN','NE.TRD.GNFS.ZS',1960,8.73409972110741),('CHN','NE.TRD.GNFS.ZS',1961,7.36022072547269),('CHN','NE.TRD.GNFS.ZS',1962,6.96093615556703),('CHN','NE.TRD.GNFS.ZS',1963,6.86533685812705),('CHN','NE.TRD.GNFS.ZS',1964,6.6331042928090405),('CHN','NE.TRD.GNFS.ZS',1965,6.82814302191465),('CHN','NE.TRD.GNFS.ZS',1966,6.72949647905967),('CHN','NE.TRD.GNFS.ZS',1967,6.253483446661461),('CHN','NE.TRD.GNFS.ZS',1968,6.220973568029361),('CHN','NE.TRD.GNFS.ZS',1969,5.45306288859444),('CHN','NE.TRD.GNFS.ZS',1970,4.95240601833575),('CHN','NE.TRD.GNFS.ZS',1971,4.92083519882779),('CHN','NE.TRD.GNFS.ZS',1972,5.75536749725748),('CHN','NE.TRD.GNFS.ZS',1973,8.000145127349251),('CHN','NE.TRD.GNFS.ZS',1974,10.3334865791986),('CHN','NE.TRD.GNFS.ZS',1975,9.55420299391347),('CHN','NE.TRD.GNFS.ZS',1976,8.83691360503246),('CHN','NE.TRD.GNFS.ZS',1977,8.384615384615389),('CHN','NE.TRD.GNFS.ZS',1978,9.650141540626679),('CHN','NE.TRD.GNFS.ZS',1979,11.0865781306023),('CHN','NE.TRD.GNFS.ZS',1980,12.424848527654701),('CHN','NE.TRD.GNFS.ZS',1981,14.897181979976098),('CHN','NE.TRD.GNFS.ZS',1982,19.69296830518089),('CHN','NE.TRD.GNFS.ZS',1983,17.9211027113208),('CHN','NE.TRD.GNFS.ZS',1984,19.0326117398578),('CHN','NE.TRD.GNFS.ZS',1985,20.7128550124155),('CHN','NE.TRD.GNFS.ZS',1986,19.8814799533638),('CHN','NE.TRD.GNFS.ZS',1987,24.857665077842),('CHN','NE.TRD.GNFS.ZS',1988,30.0647705925082),('CHN','NE.TRD.GNFS.ZS',1989,25.1056952042254),('CHN','NE.TRD.GNFS.ZS',1990,24.2731321081918),('CHN','NE.TRD.GNFS.ZS',1991,25.9497241063344),('CHN','NE.TRD.GNFS.ZS',1992,30.1457164555283),('CHN','NE.TRD.GNFS.ZS',1993,36.0560778682802),('CHN','NE.TRD.GNFS.ZS',1994,35.7698149885745),('CHN','NE.TRD.GNFS.ZS',1995,34.2740960269445),('CHN','NE.TRD.GNFS.ZS',1996,33.8147454665978),('CHN','NE.TRD.GNFS.ZS',1997,34.533017359241),('CHN','NE.TRD.GNFS.ZS',1998,32.4246962702613),('CHN','NE.TRD.GNFS.ZS',1999,33.524566731166104),('CHN','NE.TRD.GNFS.ZS',2000,39.4105387873795),('CHN','NE.TRD.GNFS.ZS',2001,38.5273592759292),('CHN','NE.TRD.GNFS.ZS',2002,42.7474036337363),('CHN','NE.TRD.GNFS.ZS',2003,51.8039879999754),('CHN','NE.TRD.GNFS.ZS',2004,59.505524224399004),('CHN','NE.TRD.GNFS.ZS',2005,62.207892866166716),('CHN','NE.TRD.GNFS.ZS',2006,64.4788839037683),('CHN','NE.TRD.GNFS.ZS',2007,62.193368938204095),('CHN','NE.TRD.GNFS.ZS',2008,57.6127176494071),('CHN','NE.TRD.GNFS.ZS',2009,45.1848760487149),('CHN','NE.TRD.GNFS.ZS',2010,50.717072222825),('CHN','NE.TRD.GNFS.ZS',2011,50.740902561420405),('CHN','NE.TRD.GNFS.ZS',2012,48.2675181971109),('CHN','NE.TRD.GNFS.ZS',2013,46.744377906757094),('CHN','NE.TRD.GNFS.ZS',2014,45.0650467046719),('CHN','NE.TRD.GNFS.ZS',2015,39.6290068965728),('CHN','NE.TRD.GNFS.ZS',2016,37.2101982584404),('CHN','NE.TRD.GNFS.ZS',2017,38.149688216263),('CHN','NE.TRD.GNFS.ZS',2018,38.2461541085001),('CHN','NY.GDP.MKTP.KD.ZG',1961,-27.27000000394609),('CHN','NY.GDP.MKTP.KD.ZG',1962,-5.579999990136),('CHN','NY.GDP.MKTP.KD.ZG',1963,10.299999995275801),('CHN','NY.GDP.MKTP.KD.ZG',1964,18.179999994202),('CHN','NY.GDP.MKTP.KD.ZG',1965,16.950000002496),('CHN','NY.GDP.MKTP.KD.ZG',1966,10.650000004173599),('CHN','NY.GDP.MKTP.KD.ZG',1967,-5.770000004225071),('CHN','NY.GDP.MKTP.KD.ZG',1968,-4.099999992141431),('CHN','NY.GDP.MKTP.KD.ZG',1969,16.9399999961092),('CHN','NY.GDP.MKTP.KD.ZG',1970,19.299999996256002),('CHN','NY.GDP.MKTP.KD.ZG',1971,7.060000003351799),('CHN','NY.GDP.MKTP.KD.ZG',1972,3.80999999825444),('CHN','NY.GDP.MKTP.KD.ZG',1973,7.7600000016445),('CHN','NY.GDP.MKTP.KD.ZG',1974,2.31000000049113),('CHN','NY.GDP.MKTP.KD.ZG',1975,8.720000000475121),('CHN','NY.GDP.MKTP.KD.ZG',1976,-1.57000000275067),('CHN','NY.GDP.MKTP.KD.ZG',1977,7.569999999171669),('CHN','NY.GDP.MKTP.KD.ZG',1978,11.134164411984198),('CHN','NY.GDP.MKTP.KD.ZG',1979,7.59999999999981),('CHN','NY.GDP.MKTP.KD.ZG',1980,7.80669144981421),('CHN','NY.GDP.MKTP.KD.ZG',1981,5.17241379310325),('CHN','NY.GDP.MKTP.KD.ZG',1982,8.93442622950838),('CHN','NY.GDP.MKTP.KD.ZG',1983,10.8352144469525),('CHN','NY.GDP.MKTP.KD.ZG',1984,15.1391717583165),('CHN','NY.GDP.MKTP.KD.ZG',1985,13.443396226415),('CHN','NY.GDP.MKTP.KD.ZG',1986,8.93970893970896),('CHN','NY.GDP.MKTP.KD.ZG',1987,11.688931297709804),('CHN','NY.GDP.MKTP.KD.ZG',1988,11.234515164459696),('CHN','NY.GDP.MKTP.KD.ZG',1989,4.18586789554539),('CHN','NY.GDP.MKTP.KD.ZG',1990,3.90711389605592),('CHN','NY.GDP.MKTP.KD.ZG',1991,9.29407591344456),('CHN','NY.GDP.MKTP.KD.ZG',1992,14.216163583252197),('CHN','NY.GDP.MKTP.KD.ZG',1993,13.867576015913599),('CHN','NY.GDP.MKTP.KD.ZG',1994,13.052158722235598),('CHN','NY.GDP.MKTP.KD.ZG',1995,10.9492273730686),('CHN','NY.GDP.MKTP.KD.ZG',1996,9.92837246319209),('CHN','NY.GDP.MKTP.KD.ZG',1997,9.23076923076864),('CHN','NY.GDP.MKTP.KD.ZG',1998,7.8376139188070715),('CHN','NY.GDP.MKTP.KD.ZG',1999,7.66748617086645),('CHN','NY.GDP.MKTP.KD.ZG',2000,8.49150849150864),('CHN','NY.GDP.MKTP.KD.ZG',2001,8.339910549855349),('CHN','NY.GDP.MKTP.KD.ZG',2002,9.13064594463313),('CHN','NY.GDP.MKTP.KD.ZG',2003,10.0356030262573),('CHN','NY.GDP.MKTP.KD.ZG',2004,10.1112234580385),('CHN','NY.GDP.MKTP.KD.ZG',2005,11.395775941230399),('CHN','NY.GDP.MKTP.KD.ZG',2006,12.719479020690901),('CHN','NY.GDP.MKTP.KD.ZG',2007,14.2313880356883),('CHN','NY.GDP.MKTP.KD.ZG',2008,9.65428937259918),('CHN','NY.GDP.MKTP.KD.ZG',2009,9.39981317141508),('CHN','NY.GDP.MKTP.KD.ZG',2010,10.6361404632299),('CHN','NY.GDP.MKTP.KD.ZG',2011,9.55091409001014),('CHN','NY.GDP.MKTP.KD.ZG',2012,7.8596274932851),('CHN','NY.GDP.MKTP.KD.ZG',2013,7.768615284128059),('CHN','NY.GDP.MKTP.KD.ZG',2014,7.299518921171241),('CHN','NY.GDP.MKTP.KD.ZG',2015,6.90531667019702),('CHN','NY.GDP.MKTP.KD.ZG',2016,6.7366752526253615),('CHN','NY.GDP.MKTP.KD.ZG',2017,6.75700761091511),('CHN','NY.GDP.MKTP.KD.ZG',2018,6.56697385961871),('CHN','NY.GDP.MKTP.KN',1960,989594390034.738),('CHN','NY.GDP.MKTP.KN',1961,719731999833.215),('CHN','NY.GDP.MKTP.KN',1962,679570954313.516),('CHN','NY.GDP.MKTP.KN',1963,749566762575.7041),('CHN','NY.GDP.MKTP.KN',1964,885837999968.5071),('CHN','NY.GDP.MKTP.KN',1965,1035987540985.28),('CHN','NY.GDP.MKTP.KN',1966,1146320214143.45),('CHN','NY.GDP.MKTP.KN',1967,1080177537738.94),('CHN','NY.GDP.MKTP.KN',1968,1035890258776.53),('CHN','NY.GDP.MKTP.KN',1969,1211370068572.97),('CHN','NY.GDP.MKTP.KN',1970,1445164491762.2),('CHN','NY.GDP.MKTP.KN',1971,1547193104929.05),('CHN','NY.GDP.MKTP.KN',1972,1606141162199.84),('CHN','NY.GDP.MKTP.KN',1973,1730777716412.96),('CHN','NY.GDP.MKTP.KN',1974,1770758681670.6),('CHN','NY.GDP.MKTP.KN',1975,1925168838720.69),('CHN','NY.GDP.MKTP.KN',1976,1894943687899.82),('CHN','NY.GDP.MKTP.KN',1977,2038390925058.14),('CHN','NY.GDP.MKTP.KN',1978,2265348722013.08),('CHN','NY.GDP.MKTP.KN',1979,2437515224886.07),('CHN','NY.GDP.MKTP.KN',1980,2627804517535.17),('CHN','NY.GDP.MKTP.KN',1981,2763725440855.95),('CHN','NY.GDP.MKTP.KN',1982,3010648451555.38),('CHN','NY.GDP.MKTP.KN',1983,3336858667525.26),('CHN','NY.GDP.MKTP.KN',1984,3842031432534.18),('CHN','NY.GDP.MKTP.KN',1985,4358530941153.16),('CHN','NY.GDP.MKTP.KN',1986,4748170921339.41),('CHN','NY.GDP.MKTP.KN',1987,5303181358232.61),('CHN','NY.GDP.MKTP.KN',1988,5898968072122.05),('CHN','NY.GDP.MKTP.KN',1989,6145891082821.48),('CHN','NY.GDP.MKTP.KN',1990,6386018047354.86),('CHN','NY.GDP.MKTP.KN',1991,6979539412522.29),('CHN','NY.GDP.MKTP.KN',1992,7971762152764.02),('CHN','NY.GDP.MKTP.KN',1993,9077252329106.4),('CHN','NY.GDP.MKTP.KN',1994,10262029710719.2),('CHN','NY.GDP.MKTP.KN',1995,11385642676837.7),('CHN','NY.GDP.MKTP.KN',1996,12516051689122.3),('CHN','NY.GDP.MKTP.KN',1997,13671379537348.9),('CHN','NY.GDP.MKTP.KN',1998,14742889482861.1),('CHN','NY.GDP.MKTP.KN',1999,15873298495145.6),('CHN','NY.GDP.MKTP.KN',2000,17221180984743.4),('CHN','NY.GDP.MKTP.KN',2001,18657412074499.7),('CHN','NY.GDP.MKTP.KN',2002,20360954313453.5),('CHN','NY.GDP.MKTP.KN',2003,22404298860709.3),('CHN','NY.GDP.MKTP.KN',2004,24669647582722.4),('CHN','NY.GDP.MKTP.KN',2005,27480945346740.6),('CHN','NY.GDP.MKTP.KN',2006,30976378424806.8),('CHN','NY.GDP.MKTP.KN',2007,35384747037844.3),('CHN','NY.GDP.MKTP.KN',2008,38800892910640),('CHN','NY.GDP.MKTP.KN',2009,42448104353081),('CHN','NY.GDP.MKTP.KN',2010,46962944356053.1),('CHN','NY.GDP.MKTP.KN',2011,51448334825639),('CHN','NY.GDP.MKTP.KN',2012,55491982294432.3),('CHN','NY.GDP.MKTP.KN',2013,59802940912423.2),('CHN','NY.GDP.MKTP.KN',2014,64168267899742.4),('CHN','NY.GDP.MKTP.KN',2015,68599290000000),('CHN','NY.GDP.MKTP.KN',2016,73220601392906.7),('CHN','NY.GDP.MKTP.KN',2017,78168123001783.2),('CHN','NY.GDP.MKTP.KN',2018,83301403205864.9),('CHN','NY.GDP.PCAP.KD.ZG',1961,-26.5276436064275),('CHN','NY.GDP.PCAP.KD.ZG',1962,-6.35150486427221),('CHN','NY.GDP.PCAP.KD.ZG',1963,7.62225445983979),('CHN','NY.GDP.PCAP.KD.ZG',1964,15.468995419297901),('CHN','NY.GDP.PCAP.KD.ZG',1965,14.197889010176599),('CHN','NY.GDP.PCAP.KD.ZG',1966,7.60840393389294),('CHN','NY.GDP.PCAP.KD.ZG',1967,-8.16149758545772),('CHN','NY.GDP.PCAP.KD.ZG',1968,-6.571451619824541),('CHN','NY.GDP.PCAP.KD.ZG',1969,13.779340343565302),('CHN','NY.GDP.PCAP.KD.ZG',1970,16.050399292472598),('CHN','NY.GDP.PCAP.KD.ZG',1971,4.1591762059942905),('CHN','NY.GDP.PCAP.KD.ZG',1972,1.2901059690866998),('CHN','NY.GDP.PCAP.KD.ZG',1973,5.327293014737509),('CHN','NY.GDP.PCAP.KD.ZG',1974,0.218005664944926),('CHN','NY.GDP.PCAP.KD.ZG',1975,6.816440509199411),('CHN','NY.GDP.PCAP.KD.ZG',1976,-3.08132198597882),('CHN','NY.GDP.PCAP.KD.ZG',1977,6.11400167387856),('CHN','NY.GDP.PCAP.KD.ZG',1978,9.656892989503481),('CHN','NY.GDP.PCAP.KD.ZG',1979,6.17422407521096),('CHN','NY.GDP.PCAP.KD.ZG',1980,6.463001267104452),('CHN','NY.GDP.PCAP.KD.ZG',1981,3.83379711765011),('CHN','NY.GDP.PCAP.KD.ZG',1982,7.34193134560238),('CHN','NY.GDP.PCAP.KD.ZG',1983,9.24521635440844),('CHN','NY.GDP.PCAP.KD.ZG',1984,13.638334195262301),('CHN','NY.GDP.PCAP.KD.ZG',1985,11.909108399730599),('CHN','NY.GDP.PCAP.KD.ZG',1986,7.331332018477581),('CHN','NY.GDP.PCAP.KD.ZG',1987,9.912166137702073),('CHN','NY.GDP.PCAP.KD.ZG',1988,9.45790115220633),('CHN','NY.GDP.PCAP.KD.ZG',1989,2.60070410742381),('CHN','NY.GDP.PCAP.KD.ZG',1990,2.39361245948719),('CHN','NY.GDP.PCAP.KD.ZG',1991,7.81295779019754),('CHN','NY.GDP.PCAP.KD.ZG',1992,12.824945473561499),('CHN','NY.GDP.PCAP.KD.ZG',1993,12.5660279957052),('CHN','NY.GDP.PCAP.KD.ZG',1994,11.781568694182804),('CHN','NY.GDP.PCAP.KD.ZG',1995,9.750279001358019),('CHN','NY.GDP.PCAP.KD.ZG',1996,8.78218488287077),('CHN','NY.GDP.PCAP.KD.ZG',1997,8.11854811854754),('CHN','NY.GDP.PCAP.KD.ZG',1998,6.8078063193135),('CHN','NY.GDP.PCAP.KD.ZG',1999,6.73927002727235),('CHN','NY.GDP.PCAP.KD.ZG',2000,7.6400016553426),('CHN','NY.GDP.PCAP.KD.ZG',2001,7.55580167175542),('CHN','NY.GDP.PCAP.KD.ZG',2002,8.40191506145082),('CHN','NY.GDP.PCAP.KD.ZG',2003,9.35236426173533),('CHN','NY.GDP.PCAP.KD.ZG',2004,9.459175050314881),('CHN','NY.GDP.PCAP.KD.ZG',2005,10.742552314170403),('CHN','NY.GDP.PCAP.KD.ZG',2006,12.0918362716474),('CHN','NY.GDP.PCAP.KD.ZG',2007,13.636344857516502),('CHN','NY.GDP.PCAP.KD.ZG',2008,9.0938721024024),('CHN','NY.GDP.PCAP.KD.ZG',2009,8.857029818803882),('CHN','NY.GDP.PCAP.KD.ZG',2010,10.103100723313),('CHN','NY.GDP.PCAP.KD.ZG',2011,9.027255944571607),('CHN','NY.GDP.PCAP.KD.ZG',2012,7.33538000995731),('CHN','NY.GDP.PCAP.KD.ZG',2013,7.23786251543072),('CHN','NY.GDP.PCAP.KD.ZG',2014,6.7576220199956385),('CHN','NY.GDP.PCAP.KD.ZG',2015,6.363469300075611),('CHN','NY.GDP.PCAP.KD.ZG',2016,6.16028102541586),('CHN','NY.GDP.PCAP.KD.ZG',2017,6.16177200430054),('CHN','NY.GDP.PCAP.KD.ZG',2018,6.08224115521752),('CHN','SP.DYN.LE00.IN',1960,43.725),('CHN','SP.DYN.LE00.IN',1961,44.051),('CHN','SP.DYN.LE00.IN',1962,44.783),('CHN','SP.DYN.LE00.IN',1963,45.972),('CHN','SP.DYN.LE00.IN',1964,47.592),('CHN','SP.DYN.LE00.IN',1965,49.549),('CHN','SP.DYN.LE00.IN',1966,51.69600000000001),('CHN','SP.DYN.LE00.IN',1967,53.847),('CHN','SP.DYN.LE00.IN',1968,55.843),('CHN','SP.DYN.LE00.IN',1969,57.603),('CHN','SP.DYN.LE00.IN',1970,59.085),('CHN','SP.DYN.LE00.IN',1971,60.303),('CHN','SP.DYN.LE00.IN',1972,61.344),('CHN','SP.DYN.LE00.IN',1973,62.28100000000001),('CHN','SP.DYN.LE00.IN',1974,63.13399999999999),('CHN','SP.DYN.LE00.IN',1975,63.915),('CHN','SP.DYN.LE00.IN',1976,64.631),('CHN','SP.DYN.LE00.IN',1977,65.278),('CHN','SP.DYN.LE00.IN',1978,65.857),('CHN','SP.DYN.LE00.IN',1979,66.377),('CHN','SP.DYN.LE00.IN',1980,66.844),('CHN','SP.DYN.LE00.IN',1981,67.26),('CHN','SP.DYN.LE00.IN',1982,67.627),('CHN','SP.DYN.LE00.IN',1983,67.949),('CHN','SP.DYN.LE00.IN',1984,68.23100000000001),('CHN','SP.DYN.LE00.IN',1985,68.473),('CHN','SP.DYN.LE00.IN',1986,68.673),('CHN','SP.DYN.LE00.IN',1987,68.831),('CHN','SP.DYN.LE00.IN',1988,68.954),('CHN','SP.DYN.LE00.IN',1989,69.054),('CHN','SP.DYN.LE00.IN',1990,69.145),('CHN','SP.DYN.LE00.IN',1991,69.242),('CHN','SP.DYN.LE00.IN',1992,69.355),('CHN','SP.DYN.LE00.IN',1993,69.49600000000001),('CHN','SP.DYN.LE00.IN',1994,69.67),('CHN','SP.DYN.LE00.IN',1995,69.885),('CHN','SP.DYN.LE00.IN',1996,70.14),('CHN','SP.DYN.LE00.IN',1997,70.428),('CHN','SP.DYN.LE00.IN',1998,70.737),('CHN','SP.DYN.LE00.IN',1999,71.063),('CHN','SP.DYN.LE00.IN',2000,71.39699999999998),('CHN','SP.DYN.LE00.IN',2001,71.732),('CHN','SP.DYN.LE00.IN',2002,72.061),('CHN','SP.DYN.LE00.IN',2003,72.381),('CHN','SP.DYN.LE00.IN',2004,72.689),('CHN','SP.DYN.LE00.IN',2005,72.985),('CHN','SP.DYN.LE00.IN',2006,73.271),('CHN','SP.DYN.LE00.IN',2007,73.553),('CHN','SP.DYN.LE00.IN',2008,73.835),('CHN','SP.DYN.LE00.IN',2009,74.119),('CHN','SP.DYN.LE00.IN',2010,74.40899999999998),('CHN','SP.DYN.LE00.IN',2011,74.708),('CHN','SP.DYN.LE00.IN',2012,75.013),('CHN','SP.DYN.LE00.IN',2013,75.321),('CHN','SP.DYN.LE00.IN',2014,75.62899999999998),('CHN','SP.DYN.LE00.IN',2015,75.928),('CHN','SP.DYN.LE00.IN',2016,76.21),('CHN','SP.DYN.LE00.IN',2017,76.47),('CHN','SP.DYN.TFRT.IN',1960,5.756),('CHN','SP.DYN.TFRT.IN',1961,5.905),('CHN','SP.DYN.TFRT.IN',1962,6.062),('CHN','SP.DYN.TFRT.IN',1963,6.206),('CHN','SP.DYN.TFRT.IN',1964,6.32),('CHN','SP.DYN.TFRT.IN',1965,6.385),('CHN','SP.DYN.TFRT.IN',1966,6.384),('CHN','SP.DYN.TFRT.IN',1967,6.316),('CHN','SP.DYN.TFRT.IN',1968,6.184),('CHN','SP.DYN.TFRT.IN',1969,5.9860000000000015),('CHN','SP.DYN.TFRT.IN',1970,5.725),('CHN','SP.DYN.TFRT.IN',1971,5.403),('CHN','SP.DYN.TFRT.IN',1972,5.035),('CHN','SP.DYN.TFRT.IN',1973,4.643),('CHN','SP.DYN.TFRT.IN',1974,4.244),('CHN','SP.DYN.TFRT.IN',1975,3.859),('CHN','SP.DYN.TFRT.IN',1976,3.508),('CHN','SP.DYN.TFRT.IN',1977,3.2),('CHN','SP.DYN.TFRT.IN',1978,2.943),('CHN','SP.DYN.TFRT.IN',1979,2.745),('CHN','SP.DYN.TFRT.IN',1980,2.613),('CHN','SP.DYN.TFRT.IN',1981,2.547),('CHN','SP.DYN.TFRT.IN',1982,2.536),('CHN','SP.DYN.TFRT.IN',1983,2.5610000000000004),('CHN','SP.DYN.TFRT.IN',1984,2.607),('CHN','SP.DYN.TFRT.IN',1985,2.65),('CHN','SP.DYN.TFRT.IN',1986,2.6660000000000004),('CHN','SP.DYN.TFRT.IN',1987,2.643),('CHN','SP.DYN.TFRT.IN',1988,2.575),('CHN','SP.DYN.TFRT.IN',1989,2.46),('CHN','SP.DYN.TFRT.IN',1990,2.309),('CHN','SP.DYN.TFRT.IN',1991,2.14),('CHN','SP.DYN.TFRT.IN',1992,1.977),('CHN','SP.DYN.TFRT.IN',1993,1.838),('CHN','SP.DYN.TFRT.IN',1994,1.731),('CHN','SP.DYN.TFRT.IN',1995,1.66),('CHN','SP.DYN.TFRT.IN',1996,1.622),('CHN','SP.DYN.TFRT.IN',1997,1.605),('CHN','SP.DYN.TFRT.IN',1998,1.597),('CHN','SP.DYN.TFRT.IN',1999,1.595),('CHN','SP.DYN.TFRT.IN',2000,1.596),('CHN','SP.DYN.TFRT.IN',2001,1.597),('CHN','SP.DYN.TFRT.IN',2002,1.6),('CHN','SP.DYN.TFRT.IN',2003,1.604),('CHN','SP.DYN.TFRT.IN',2004,1.608),('CHN','SP.DYN.TFRT.IN',2005,1.612),('CHN','SP.DYN.TFRT.IN',2006,1.615),('CHN','SP.DYN.TFRT.IN',2007,1.617),('CHN','SP.DYN.TFRT.IN',2008,1.62),('CHN','SP.DYN.TFRT.IN',2009,1.6230000000000002),('CHN','SP.DYN.TFRT.IN',2010,1.6269999999999998),('CHN','SP.DYN.TFRT.IN',2011,1.632),('CHN','SP.DYN.TFRT.IN',2012,1.639),('CHN','SP.DYN.TFRT.IN',2013,1.6469999999999998),('CHN','SP.DYN.TFRT.IN',2014,1.656),('CHN','SP.DYN.TFRT.IN',2015,1.665),('CHN','SP.DYN.TFRT.IN',2016,1.675),('CHN','SP.DYN.TFRT.IN',2017,1.683),('CHN','SP.POP.TOTL',1960,667070000),('CHN','SP.POP.TOTL',1961,660330000),('CHN','SP.POP.TOTL',1962,665770000),('CHN','SP.POP.TOTL',1963,682335000),('CHN','SP.POP.TOTL',1964,698355000),('CHN','SP.POP.TOTL',1965,715185000),('CHN','SP.POP.TOTL',1966,735400000),('CHN','SP.POP.TOTL',1967,754550000),('CHN','SP.POP.TOTL',1968,774510000),('CHN','SP.POP.TOTL',1969,796025000),('CHN','SP.POP.TOTL',1970,818315000),('CHN','SP.POP.TOTL',1971,841105000),('CHN','SP.POP.TOTL',1972,862030000),('CHN','SP.POP.TOTL',1973,881940000),('CHN','SP.POP.TOTL',1974,900350000),('CHN','SP.POP.TOTL',1975,916395000),('CHN','SP.POP.TOTL',1976,930685000),('CHN','SP.POP.TOTL',1977,943455000),('CHN','SP.POP.TOTL',1978,956165000),('CHN','SP.POP.TOTL',1979,969005000),('CHN','SP.POP.TOTL',1980,981235000),('CHN','SP.POP.TOTL',1981,993885000),('CHN','SP.POP.TOTL',1982,1008630000),('CHN','SP.POP.TOTL',1983,1023310000),('CHN','SP.POP.TOTL',1984,1036825000),('CHN','SP.POP.TOTL',1985,1051040000),('CHN','SP.POP.TOTL',1986,1066790000),('CHN','SP.POP.TOTL',1987,1084035000),('CHN','SP.POP.TOTL',1988,1101630000),('CHN','SP.POP.TOTL',1989,1118650000),('CHN','SP.POP.TOTL',1990,1135185000),('CHN','SP.POP.TOTL',1991,1150780000),('CHN','SP.POP.TOTL',1992,1164970000),('CHN','SP.POP.TOTL',1993,1178440000),('CHN','SP.POP.TOTL',1994,1191835000),('CHN','SP.POP.TOTL',1995,1204855000),('CHN','SP.POP.TOTL',1996,1217550000),('CHN','SP.POP.TOTL',1997,1230075000),('CHN','SP.POP.TOTL',1998,1241935000),('CHN','SP.POP.TOTL',1999,1252735000),('CHN','SP.POP.TOTL',2000,1262645000),('CHN','SP.POP.TOTL',2001,1271850000),('CHN','SP.POP.TOTL',2002,1280400000),('CHN','SP.POP.TOTL',2003,1288400000),('CHN','SP.POP.TOTL',2004,1296075000),('CHN','SP.POP.TOTL',2005,1303720000),('CHN','SP.POP.TOTL',2006,1311020000),('CHN','SP.POP.TOTL',2007,1317885000),('CHN','SP.POP.TOTL',2008,1324655000),('CHN','SP.POP.TOTL',2009,1331260000),('CHN','SP.POP.TOTL',2010,1337705000),('CHN','SP.POP.TOTL',2011,1344130000),('CHN','SP.POP.TOTL',2012,1350695000),('CHN','SP.POP.TOTL',2013,1357380000),('CHN','SP.POP.TOTL',2014,1364270000),('CHN','SP.POP.TOTL',2015,1371220000),('CHN','SP.POP.TOTL',2016,1378665000),('CHN','SP.POP.TOTL',2017,1386395000),('CHN','SP.POP.TOTL',2018,1392730000),('DEU','EN.ATM.CO2E.PC',1991,11.62264617136),('DEU','EN.ATM.CO2E.PC',1992,11.0633202537022),('DEU','EN.ATM.CO2E.PC',1993,10.814248933259899),('DEU','EN.ATM.CO2E.PC',1994,10.6283919217025),('DEU','EN.ATM.CO2E.PC',1995,10.579466630515),('DEU','EN.ATM.CO2E.PC',1996,10.8602336004331),('DEU','EN.ATM.CO2E.PC',1997,10.5111125988271),('DEU','EN.ATM.CO2E.PC',1998,10.4252731613799),('DEU','EN.ATM.CO2E.PC',1999,10.0177587659515),('DEU','EN.ATM.CO2E.PC',2000,10.0956398829225),('DEU','EN.ATM.CO2E.PC',2001,10.3662866966788),('DEU','EN.ATM.CO2E.PC',2002,10.058672497298),('DEU','EN.ATM.CO2E.PC',2003,9.96935452533021),('DEU','EN.ATM.CO2E.PC',2004,9.898682368784039),('DEU','EN.ATM.CO2E.PC',2005,9.666372234305221),('DEU','EN.ATM.CO2E.PC',2006,9.91147601151208),('DEU','EN.ATM.CO2E.PC',2007,9.488039888279019),('DEU','EN.ATM.CO2E.PC',2008,9.50632117752826),('DEU','EN.ATM.CO2E.PC',2009,8.81859556166104),('DEU','EN.ATM.CO2E.PC',2010,9.27963401169499),('DEU','EN.ATM.CO2E.PC',2011,9.1248592104965),('DEU','EN.ATM.CO2E.PC',2012,9.19929975724339),('DEU','EN.ATM.CO2E.PC',2013,9.39062341958994),('DEU','EN.ATM.CO2E.PC',2014,8.88937039483839),('DEU','NE.EXP.GNFS.ZS',1970,15.128507617576801),('DEU','NE.EXP.GNFS.ZS',1971,14.5601845281376),('DEU','NE.EXP.GNFS.ZS',1972,14.553080939622099),('DEU','NE.EXP.GNFS.ZS',1973,15.3552676687446),('DEU','NE.EXP.GNFS.ZS',1974,18.2369861655275),('DEU','NE.EXP.GNFS.ZS',1975,17.1106423073543),('DEU','NE.EXP.GNFS.ZS',1976,18.0717091013282),('DEU','NE.EXP.GNFS.ZS',1977,17.9799571446607),('DEU','NE.EXP.GNFS.ZS',1978,17.636743342550698),('DEU','NE.EXP.GNFS.ZS',1979,17.8246232784436),('DEU','NE.EXP.GNFS.ZS',1980,18.6212239267479),('DEU','NE.EXP.GNFS.ZS',1981,20.134835208583),('DEU','NE.EXP.GNFS.ZS',1982,20.870008539989396),('DEU','NE.EXP.GNFS.ZS',1983,20.291406340048198),('DEU','NE.EXP.GNFS.ZS',1984,21.725568578643),('DEU','NE.EXP.GNFS.ZS',1985,22.939003770776402),('DEU','NE.EXP.GNFS.ZS',1986,21.287140281566305),('DEU','NE.EXP.GNFS.ZS',1987,20.6830327559802),('DEU','NE.EXP.GNFS.ZS',1988,21.0900886405257),('DEU','NE.EXP.GNFS.ZS',1989,22.2996199423425),('DEU','NE.EXP.GNFS.ZS',1990,22.8358365530048),('DEU','NE.EXP.GNFS.ZS',1991,23.664900996342503),('DEU','NE.EXP.GNFS.ZS',1992,22.1946934890662),('DEU','NE.EXP.GNFS.ZS',1993,20.313440593069803),('DEU','NE.EXP.GNFS.ZS',1994,21.1107102839496),('DEU','NE.EXP.GNFS.ZS',1995,21.9942362808177),('DEU','NE.EXP.GNFS.ZS',1996,22.860027688432304),('DEU','NE.EXP.GNFS.ZS',1997,25.3602733090279),('DEU','NE.EXP.GNFS.ZS',1998,26.4069062062529),('DEU','NE.EXP.GNFS.ZS',1999,26.9592324276031),('DEU','NE.EXP.GNFS.ZS',2000,30.8477115722895),('DEU','NE.EXP.GNFS.ZS',2001,31.8447071170151),('DEU','NE.EXP.GNFS.ZS',2002,32.5925791130602),('DEU','NE.EXP.GNFS.ZS',2003,32.8117129460067),('DEU','NE.EXP.GNFS.ZS',2004,35.713363859767),('DEU','NE.EXP.GNFS.ZS',2005,38.0595723481521),('DEU','NE.EXP.GNFS.ZS',2006,41.43290791084579),('DEU','NE.EXP.GNFS.ZS',2007,43.3227580964574),('DEU','NE.EXP.GNFS.ZS',2008,43.79919025796289),('DEU','NE.EXP.GNFS.ZS',2009,38.119906939850296),('DEU','NE.EXP.GNFS.ZS',2010,42.565473405085),('DEU','NE.EXP.GNFS.ZS',2011,45.0571362806101),('DEU','NE.EXP.GNFS.ZS',2012,46.3071201430804),('DEU','NE.EXP.GNFS.ZS',2013,45.4186778593914),('DEU','NE.EXP.GNFS.ZS',2014,45.6192633128717),('DEU','NE.EXP.GNFS.ZS',2015,46.8485876563908),('DEU','NE.EXP.GNFS.ZS',2016,46.023196451932),('DEU','NE.EXP.GNFS.ZS',2017,47.3974341985646),('DEU','NE.EXP.GNFS.ZS',2018,47.416105275433),('DEU','NE.IMP.GNFS.ZS',1970,16.582200975481),('DEU','NE.IMP.GNFS.ZS',1971,16.2835759436797),('DEU','NE.IMP.GNFS.ZS',1972,16.1796327273027),('DEU','NE.IMP.GNFS.ZS',1973,16.3479490213013),('DEU','NE.IMP.GNFS.ZS',1974,18.7159346906594),('DEU','NE.IMP.GNFS.ZS',1975,18.7962053710283),('DEU','NE.IMP.GNFS.ZS',1976,20.2984314976962),('DEU','NE.IMP.GNFS.ZS',1977,20.124003260713),('DEU','NE.IMP.GNFS.ZS',1978,19.5438494005651),('DEU','NE.IMP.GNFS.ZS',1979,21.3999501316226),('DEU','NE.IMP.GNFS.ZS',1980,23.2328468259738),('DEU','NE.IMP.GNFS.ZS',1981,24.048287425303602),('DEU','NE.IMP.GNFS.ZS',1982,23.517855242427697),('DEU','NE.IMP.GNFS.ZS',1983,23.284166267989892),('DEU','NE.IMP.GNFS.ZS',1984,24.517087362298497),('DEU','NE.IMP.GNFS.ZS',1985,24.9763464581786),('DEU','NE.IMP.GNFS.ZS',1986,21.657491106437696),('DEU','NE.IMP.GNFS.ZS',1987,21.0064372570243),('DEU','NE.IMP.GNFS.ZS',1988,21.4364352316572),('DEU','NE.IMP.GNFS.ZS',1989,22.9162981883081),('DEU','NE.IMP.GNFS.ZS',1990,23.0277510459527),('DEU','NE.IMP.GNFS.ZS',1991,24.152478244419196),('DEU','NE.IMP.GNFS.ZS',1992,22.696144671750694),('DEU','NE.IMP.GNFS.ZS',1993,20.2632946672835),('DEU','NE.IMP.GNFS.ZS',1994,20.9471728020552),('DEU','NE.IMP.GNFS.ZS',1995,21.5873979341395),('DEU','NE.IMP.GNFS.ZS',1996,22.1455932715028),('DEU','NE.IMP.GNFS.ZS',1997,24.282385335135004),('DEU','NE.IMP.GNFS.ZS',1998,25.1780661431082),('DEU','NE.IMP.GNFS.ZS',1999,26.406617204342798),('DEU','NE.IMP.GNFS.ZS',2000,30.678349430323),('DEU','NE.IMP.GNFS.ZS',2001,30.218131772027196),('DEU','NE.IMP.GNFS.ZS',2002,28.342310701872506),('DEU','NE.IMP.GNFS.ZS',2003,29.037606768042608),('DEU','NE.IMP.GNFS.ZS',2004,30.512835245655303),('DEU','NE.IMP.GNFS.ZS',2005,32.8591405884692),('DEU','NE.IMP.GNFS.ZS',2006,36.0168212387006),('DEU','NE.IMP.GNFS.ZS',2007,36.5516592986738),('DEU','NE.IMP.GNFS.ZS',2008,37.7256144732553),('DEU','NE.IMP.GNFS.ZS',2009,33.1088059597748),('DEU','NE.IMP.GNFS.ZS',2010,37.3031508345032),('DEU','NE.IMP.GNFS.ZS',2011,40.148984986412),('DEU','NE.IMP.GNFS.ZS',2012,40.2069347359679),('DEU','NE.IMP.GNFS.ZS',2013,39.6601988368577),('DEU','NE.IMP.GNFS.ZS',2014,39.00083007962621),('DEU','NE.IMP.GNFS.ZS',2015,39.2865511357823),('DEU','NE.IMP.GNFS.ZS',2016,38.65996617848821),('DEU','NE.IMP.GNFS.ZS',2017,40.29596393209221),('DEU','NE.IMP.GNFS.ZS',2018,41.254735570526),('DEU','NE.TRD.GNFS.ZS',1970,31.7107085930578),('DEU','NE.TRD.GNFS.ZS',1971,30.843760471817397),('DEU','NE.TRD.GNFS.ZS',1972,30.732713666924802),('DEU','NE.TRD.GNFS.ZS',1973,31.7032166900459),('DEU','NE.TRD.GNFS.ZS',1974,36.9529208561869),('DEU','NE.TRD.GNFS.ZS',1975,35.906847678382604),('DEU','NE.TRD.GNFS.ZS',1976,38.3701405990245),('DEU','NE.TRD.GNFS.ZS',1977,38.103960405373705),('DEU','NE.TRD.GNFS.ZS',1978,37.1805927431157),('DEU','NE.TRD.GNFS.ZS',1979,39.224573410066206),('DEU','NE.TRD.GNFS.ZS',1980,41.8540707527217),('DEU','NE.TRD.GNFS.ZS',1981,44.18312263388661),('DEU','NE.TRD.GNFS.ZS',1982,44.3878637824171),('DEU','NE.TRD.GNFS.ZS',1983,43.5755726080381),('DEU','NE.TRD.GNFS.ZS',1984,46.2426559409416),('DEU','NE.TRD.GNFS.ZS',1985,47.915350228955),('DEU','NE.TRD.GNFS.ZS',1986,42.944631388004),('DEU','NE.TRD.GNFS.ZS',1987,41.689470013004495),('DEU','NE.TRD.GNFS.ZS',1988,42.5265238721829),('DEU','NE.TRD.GNFS.ZS',1989,45.21591813065061),('DEU','NE.TRD.GNFS.ZS',1990,45.8635875989575),('DEU','NE.TRD.GNFS.ZS',1991,47.817379240761795),('DEU','NE.TRD.GNFS.ZS',1992,44.8908381608169),('DEU','NE.TRD.GNFS.ZS',1993,40.576735260353296),('DEU','NE.TRD.GNFS.ZS',1994,42.05788308600479),('DEU','NE.TRD.GNFS.ZS',1995,43.5816342149572),('DEU','NE.TRD.GNFS.ZS',1996,45.00562095993499),('DEU','NE.TRD.GNFS.ZS',1997,49.6426586441629),('DEU','NE.TRD.GNFS.ZS',1998,51.5849723493611),('DEU','NE.TRD.GNFS.ZS',1999,53.3658496319459),('DEU','NE.TRD.GNFS.ZS',2000,61.526061002612494),('DEU','NE.TRD.GNFS.ZS',2001,62.062838889042304),('DEU','NE.TRD.GNFS.ZS',2002,60.934889814932795),('DEU','NE.TRD.GNFS.ZS',2003,61.8493197140493),('DEU','NE.TRD.GNFS.ZS',2004,66.2261991054223),('DEU','NE.TRD.GNFS.ZS',2005,70.91871293662129),('DEU','NE.TRD.GNFS.ZS',2006,77.4497291495463),('DEU','NE.TRD.GNFS.ZS',2007,79.87441739513109),('DEU','NE.TRD.GNFS.ZS',2008,81.5248047312183),('DEU','NE.TRD.GNFS.ZS',2009,71.2287128996251),('DEU','NE.TRD.GNFS.ZS',2010,79.8686242395882),('DEU','NE.TRD.GNFS.ZS',2011,85.2061212670221),('DEU','NE.TRD.GNFS.ZS',2012,86.51405487904829),('DEU','NE.TRD.GNFS.ZS',2013,85.0788766962491),('DEU','NE.TRD.GNFS.ZS',2014,84.6200933924979),('DEU','NE.TRD.GNFS.ZS',2015,86.1351387921731),('DEU','NE.TRD.GNFS.ZS',2016,84.6831626304202),('DEU','NE.TRD.GNFS.ZS',2017,87.69339813065679),('DEU','NE.TRD.GNFS.ZS',2018,88.67084084595898),('DEU','NY.GDP.MKTP.KD.ZG',1971,3.13269974699064),('DEU','NY.GDP.MKTP.KD.ZG',1972,4.3003412979849305),('DEU','NY.GDP.MKTP.KD.ZG',1973,4.77748691493301),('DEU','NY.GDP.MKTP.KD.ZG',1974,0.8900687082410171),('DEU','NY.GDP.MKTP.KD.ZG',1975,-0.8667388973975959),('DEU','NY.GDP.MKTP.KD.ZG',1976,4.949258390243362),('DEU','NY.GDP.MKTP.KD.ZG',1977,3.34721809157305),('DEU','NY.GDP.MKTP.KD.ZG',1978,3.00849287649234),('DEU','NY.GDP.MKTP.KD.ZG',1979,4.15036332866411),('DEU','NY.GDP.MKTP.KD.ZG',1980,1.40882865990888),('DEU','NY.GDP.MKTP.KD.ZG',1981,0.529240542214367),('DEU','NY.GDP.MKTP.KD.ZG',1982,-0.394840749338101),('DEU','NY.GDP.MKTP.KD.ZG',1983,1.57241015030965),('DEU','NY.GDP.MKTP.KD.ZG',1984,2.8229478325773),('DEU','NY.GDP.MKTP.KD.ZG',1985,2.32793522286853),('DEU','NY.GDP.MKTP.KD.ZG',1986,2.28733926717875),('DEU','NY.GDP.MKTP.KD.ZG',1987,1.4021515771923798),('DEU','NY.GDP.MKTP.KD.ZG',1988,3.70723566525066),('DEU','NY.GDP.MKTP.KD.ZG',1989,3.89655172201118),('DEU','NY.GDP.MKTP.KD.ZG',1990,5.25500608859595),('DEU','NY.GDP.MKTP.KD.ZG',1991,5.10826150765951),('DEU','NY.GDP.MKTP.KD.ZG',1992,1.92807343038962),('DEU','NY.GDP.MKTP.KD.ZG',1993,-0.979339906561634),('DEU','NY.GDP.MKTP.KD.ZG',1994,2.398049086341),('DEU','NY.GDP.MKTP.KD.ZG',1995,1.5347974754814),('DEU','NY.GDP.MKTP.KD.ZG',1996,0.8209538264993341),('DEU','NY.GDP.MKTP.KD.ZG',1997,1.7836372384922998),('DEU','NY.GDP.MKTP.KD.ZG',1998,2.0190474890929697),('DEU','NY.GDP.MKTP.KD.ZG',1999,1.8919590076438304),('DEU','NY.GDP.MKTP.KD.ZG',2000,2.89518694712132),('DEU','NY.GDP.MKTP.KD.ZG',2001,1.6977323608663797),('DEU','NY.GDP.MKTP.KD.ZG',2002,-0.198459062728844),('DEU','NY.GDP.MKTP.KD.ZG',2003,-0.713533477235572),('DEU','NY.GDP.MKTP.KD.ZG',2004,1.1899149003433502),('DEU','NY.GDP.MKTP.KD.ZG',2005,0.721853764966724),('DEU','NY.GDP.MKTP.KD.ZG',2006,3.81458790454661),('DEU','NY.GDP.MKTP.KD.ZG',2007,2.98407727316592),('DEU','NY.GDP.MKTP.KD.ZG',2008,0.96226644174557),('DEU','NY.GDP.MKTP.KD.ZG',2009,-5.69715162828702),('DEU','NY.GDP.MKTP.KD.ZG',2010,4.1789690378929),('DEU','NY.GDP.MKTP.KD.ZG',2011,3.9241334177129694),('DEU','NY.GDP.MKTP.KD.ZG',2012,0.4195510800535801),('DEU','NY.GDP.MKTP.KD.ZG',2013,0.42824326167219295),('DEU','NY.GDP.MKTP.KD.ZG',2014,2.22568874914928),('DEU','NY.GDP.MKTP.KD.ZG',2015,1.73974982269824),('DEU','NY.GDP.MKTP.KD.ZG',2016,2.2299999669974704),('DEU','NY.GDP.MKTP.KD.ZG',2017,2.46503002917808),('DEU','NY.GDP.MKTP.KD.ZG',2018,1.5274462983098105),('DEU','NY.GDP.MKTP.KN',1970,1259068806000),('DEU','NY.GDP.MKTP.KN',1971,1298511651300),('DEU','NY.GDP.MKTP.KN',1972,1354352084100),('DEU','NY.GDP.MKTP.KN',1973,1419056077700),('DEU','NY.GDP.MKTP.KN',1974,1431686651800),('DEU','NY.GDP.MKTP.KN',1975,1419277666700),('DEU','NY.GDP.MKTP.KN',1976,1489521385700),('DEU','NY.GDP.MKTP.KN',1977,1539378915000),('DEU','NY.GDP.MKTP.KN',1978,1585691020000),('DEU','NY.GDP.MKTP.KN',1979,1651502958600),('DEU','NY.GDP.MKTP.KN',1980,1674769805600),('DEU','NY.GDP.MKTP.KN',1981,1683633366400),('DEU','NY.GDP.MKTP.KN',1982,1676985695800),('DEU','NY.GDP.MKTP.KN',1983,1703354789100),('DEU','NY.GDP.MKTP.KN',1984,1751439606200),('DEU','NY.GDP.MKTP.KN',1985,1792211985700),('DEU','NY.GDP.MKTP.KN',1986,1833205954200),('DEU','NY.GDP.MKTP.KN',1987,1858910280400),('DEU','NY.GDP.MKTP.KN',1988,1927824465300),('DEU','NY.GDP.MKTP.KN',1989,2002943142700),('DEU','NY.GDP.MKTP.KN',1990,2108197926800),('DEU','NY.GDP.MKTP.KN',1991,2215890190000),('DEU','NY.GDP.MKTP.KN',1992,2258614180000),('DEU','NY.GDP.MKTP.KN',1993,2236494670000),('DEU','NY.GDP.MKTP.KN',1994,2290126910000),('DEU','NY.GDP.MKTP.KN',1995,2325275720000),('DEU','NY.GDP.MKTP.KN',1996,2344365160000),('DEU','NY.GDP.MKTP.KN',1997,2386180130000),('DEU','NY.GDP.MKTP.KN',1998,2434358240000),('DEU','NY.GDP.MKTP.KN',1999,2480415300000),('DEU','NY.GDP.MKTP.KN',2000,2552227960000),('DEU','NY.GDP.MKTP.KN',2001,2595557960000),('DEU','NY.GDP.MKTP.KN',2002,2590406840000),('DEU','NY.GDP.MKTP.KN',2003,2571923420000),('DEU','NY.GDP.MKTP.KN',2004,2602527120000),('DEU','NY.GDP.MKTP.KN',2005,2621313560000),('DEU','NY.GDP.MKTP.KN',2006,2721305870000),('DEU','NY.GDP.MKTP.KN',2007,2802511740000),('DEU','NY.GDP.MKTP.KN',2008,2829479370000),('DEU','NY.GDP.MKTP.KN',2009,2668279640000),('DEU','NY.GDP.MKTP.KN',2010,2779786220000),('DEU','NY.GDP.MKTP.KN',2011,2888868740000),('DEU','NY.GDP.MKTP.KN',2012,2900989020000),('DEU','NY.GDP.MKTP.KN',2013,2913412310000),('DEU','NY.GDP.MKTP.KN',2014,2978255800000),('DEU','NY.GDP.MKTP.KN',2015,3030070000000),('DEU','NY.GDP.MKTP.KN',2016,3097640560000),('DEU','NY.GDP.MKTP.KN',2017,3173998330000),('DEU','NY.GDP.MKTP.KN',2018,3222479450000),('DEU','NY.GDP.PCAP.KD.ZG',1971,2.94365018540303),('DEU','NY.GDP.PCAP.KD.ZG',1972,3.8024759797685),('DEU','NY.GDP.PCAP.KD.ZG',1973,4.44801722163355),('DEU','NY.GDP.PCAP.KD.ZG',1974,0.8507602917708249),('DEU','NY.GDP.PCAP.KD.ZG',1975,-0.496434237720322),('DEU','NY.GDP.PCAP.KD.ZG',1976,5.400212124990361),('DEU','NY.GDP.PCAP.KD.ZG',1977,3.58143708323891),('DEU','NY.GDP.PCAP.KD.ZG',1978,3.098181648820141),('DEU','NY.GDP.PCAP.KD.ZG',1979,4.10433132991159),('DEU','NY.GDP.PCAP.KD.ZG',1980,1.1986939317183702),('DEU','NY.GDP.PCAP.KD.ZG',1981,0.3762425186458809),('DEU','NY.GDP.PCAP.KD.ZG',1982,-0.300057790876906),('DEU','NY.GDP.PCAP.KD.ZG',1983,1.83903416443125),('DEU','NY.GDP.PCAP.KD.ZG',1984,3.17898721683892),('DEU','NY.GDP.PCAP.KD.ZG',1985,2.55688356750905),('DEU','NY.GDP.PCAP.KD.ZG',1986,2.2405350438164504),('DEU','NY.GDP.PCAP.KD.ZG',1987,1.24649963563014),('DEU','NY.GDP.PCAP.KD.ZG',1988,3.30286372762608),('DEU','NY.GDP.PCAP.KD.ZG',1989,3.09618002960481),('DEU','NY.GDP.PCAP.KD.ZG',1990,4.3516390599903),('DEU','NY.GDP.PCAP.KD.ZG',1991,4.3452200412476),('DEU','NY.GDP.PCAP.KD.ZG',1992,1.15600535384446),('DEU','NY.GDP.PCAP.KD.ZG',1993,-1.62815805671195),('DEU','NY.GDP.PCAP.KD.ZG',1994,2.04348990653529),('DEU','NY.GDP.PCAP.KD.ZG',1995,1.23682029236684),('DEU','NY.GDP.PCAP.KD.ZG',1996,0.5295244826844371),('DEU','NY.GDP.PCAP.KD.ZG',1997,1.63482315268979),('DEU','NY.GDP.PCAP.KD.ZG',1998,2.00359925047853),('DEU','NY.GDP.PCAP.KD.ZG',1999,1.82612284877355),('DEU','NY.GDP.PCAP.KD.ZG',2000,2.7559286698534704),('DEU','NY.GDP.PCAP.KD.ZG',2001,1.5267948036045602),('DEU','NY.GDP.PCAP.KD.ZG',2002,-0.3661127401014),('DEU','NY.GDP.PCAP.KD.ZG',2003,-0.768486531800832),('DEU','NY.GDP.PCAP.KD.ZG',2004,1.2118853400525),('DEU','NY.GDP.PCAP.KD.ZG',2005,0.7790581211054641),('DEU','NY.GDP.PCAP.KD.ZG',2006,3.93175422981199),('DEU','NY.GDP.PCAP.KD.ZG',2007,3.1218782235001896),('DEU','NY.GDP.PCAP.KD.ZG',2008,1.15442159396983),('DEU','NY.GDP.PCAP.KD.ZG',2009,-5.457900872344822),('DEU','NY.GDP.PCAP.KD.ZG',2010,4.3386919157395205),('DEU','NY.GDP.PCAP.KD.ZG',2011,5.8685566312854025),('DEU','NY.GDP.PCAP.KD.ZG',2012,0.231212502717355),('DEU','NY.GDP.PCAP.KD.ZG',2013,0.154547997552854),('DEU','NY.GDP.PCAP.KD.ZG',2014,1.80042003787038),('DEU','NY.GDP.PCAP.KD.ZG',2015,0.862787538298775),('DEU','NY.GDP.PCAP.KD.ZG',2016,1.4081021738692),('DEU','NY.GDP.PCAP.KD.ZG',2017,2.08280772084919),('DEU','NY.GDP.PCAP.KD.ZG',2018,1.1957628907460802),('DEU','NY.GDY.TOTL.KN',1970,1253949920123.05),('DEU','NY.GDY.TOTL.KN',1971,1297102152447.19),('DEU','NY.GDY.TOTL.KN',1972,1354154116316.02),('DEU','NY.GDY.TOTL.KN',1973,1415109147530.98),('DEU','NY.GDY.TOTL.KN',1974,1414950500339.73),('DEU','NY.GDY.TOTL.KN',1975,1407442379583.04),('DEU','NY.GDY.TOTL.KN',1976,1473464339617.28),('DEU','NY.GDY.TOTL.KN',1977,1522732888728.96),('DEU','NY.GDY.TOTL.KN',1978,1575452781862.09),('DEU','NY.GDY.TOTL.KN',1979,1633360111249.11),('DEU','NY.GDY.TOTL.KN',1980,1643248391775.21),('DEU','NY.GDY.TOTL.KN',1981,1638358724769.3),('DEU','NY.GDY.TOTL.KN',1982,1632935892849.43),('DEU','NY.GDY.TOTL.KN',1983,1662359888590.49),('DEU','NY.GDY.TOTL.KN',1984,1702995695864.19),('DEU','NY.GDY.TOTL.KN',1985,1740974428729.56),('DEU','NY.GDY.TOTL.KN',1986,1810998756139.09),('DEU','NY.GDY.TOTL.KN',1987,1847346067988.76),('DEU','NY.GDY.TOTL.KN',1988,1914846734818.9),('DEU','NY.GDY.TOTL.KN',1989,1980092365031.91),('DEU','NY.GDY.TOTL.KN',1990,2087665823837.25),('DEU','NY.GDY.TOTL.KN',1991,2187877531920.84),('DEU','NY.GDY.TOTL.KN',1992,2243127152942.49),('DEU','NY.GDY.TOTL.KN',1993,2228498340441.33),('DEU','NY.GDY.TOTL.KN',1994,2284855660954.03),('DEU','NY.GDY.TOTL.KN',1995,2326095813481.25),('DEU','NY.GDY.TOTL.KN',1996,2343433849696.83),('DEU','NY.GDY.TOTL.KN',1997,2376593595150.67),('DEU','NY.GDY.TOTL.KN',1998,2435744017997.92),('DEU','NY.GDY.TOTL.KN',1999,2485891230499.23),('DEU','NY.GDY.TOTL.KN',2000,2529560950559.48),('DEU','NY.GDY.TOTL.KN',2001,2571666530975.14),('DEU','NY.GDY.TOTL.KN',2002,2580209806157),('DEU','NY.GDY.TOTL.KN',2003,2576148162678.97),('DEU','NY.GDY.TOTL.KN',2004,2608511301130.56),('DEU','NY.GDY.TOTL.KN',2005,2611497482226.56),('DEU','NY.GDY.TOTL.KN',2006,2692661918082.33),('DEU','NY.GDY.TOTL.KN',2007,2776822742669.36),('DEU','NY.GDY.TOTL.KN',2008,2784116603578.08),('DEU','NY.GDY.TOTL.KN',2009,2672268888745.05),('DEU','NY.GDY.TOTL.KN',2010,2758861541312.54),('DEU','NY.GDY.TOTL.KN',2011,2834639706044.79),('DEU','NY.GDY.TOTL.KN',2012,2843255703527.06),('DEU','NY.GDY.TOTL.KN',2013,2868334823184.07),('DEU','NY.GDY.TOTL.KN',2014,2947940395149.22),('DEU','NY.GDY.TOTL.KN',2015,3030070000000),('DEU','NY.GDY.TOTL.KN',2016,3122667350533.76),('DEU','NY.GDY.TOTL.KN',2017,3186125714583.33),('DEU','NY.GDY.TOTL.KN',2018,3221015399610.56),('DEU','SP.DYN.LE00.IN',1960,69.3100243902439),('DEU','SP.DYN.LE00.IN',1961,69.508),('DEU','SP.DYN.LE00.IN',1962,69.6915365853659),('DEU','SP.DYN.LE00.IN',1963,69.8596097560976),('DEU','SP.DYN.LE00.IN',1964,70.0137073170732),('DEU','SP.DYN.LE00.IN',1965,70.1518292682927),('DEU','SP.DYN.LE00.IN',1966,70.2714146341463),('DEU','SP.DYN.LE00.IN',1967,70.374),('DEU','SP.DYN.LE00.IN',1968,70.4650975609756),('DEU','SP.DYN.LE00.IN',1969,70.5506829268293),('DEU','SP.DYN.LE00.IN',1970,70.63978048780491),('DEU','SP.DYN.LE00.IN',1971,70.7428780487805),('DEU','SP.DYN.LE00.IN',1972,70.867),('DEU','SP.DYN.LE00.IN',1973,71.0166829268293),('DEU','SP.DYN.LE00.IN',1974,71.1954146341463),('DEU','SP.DYN.LE00.IN',1975,71.4017317073171),('DEU','SP.DYN.LE00.IN',1976,71.6341463414634),('DEU','SP.DYN.LE00.IN',1977,71.8836829268293),('DEU','SP.DYN.LE00.IN',1978,72.1432926829268),('DEU','SP.DYN.LE00.IN',1979,72.40853658536591),('DEU','SP.DYN.LE00.IN',1980,72.67790243902441),('DEU','SP.DYN.LE00.IN',1981,72.9503902439024),('DEU','SP.DYN.LE00.IN',1982,73.227),('DEU','SP.DYN.LE00.IN',1983,73.5051951219512),('DEU','SP.DYN.LE00.IN',1984,73.78292682926829),('DEU','SP.DYN.LE00.IN',1985,74.0546341463415),('DEU','SP.DYN.LE00.IN',1986,74.31373170731709),('DEU','SP.DYN.LE00.IN',1987,74.5596829268293),('DEU','SP.DYN.LE00.IN',1988,74.79248780487809),('DEU','SP.DYN.LE00.IN',1989,75.0131463414634),('DEU','SP.DYN.LE00.IN',1990,75.227756097561),('DEU','SP.DYN.LE00.IN',1991,75.319512195122),('DEU','SP.DYN.LE00.IN',1992,75.819512195122),('DEU','SP.DYN.LE00.IN',1993,75.87073170731709),('DEU','SP.DYN.LE00.IN',1994,76.2707317073171),('DEU','SP.DYN.LE00.IN',1995,76.42195121951221),('DEU','SP.DYN.LE00.IN',1996,76.6731707317073),('DEU','SP.DYN.LE00.IN',1997,77.0731707317073),('DEU','SP.DYN.LE00.IN',1998,77.4756097560976),('DEU','SP.DYN.LE00.IN',1999,77.7268292682927),('DEU','SP.DYN.LE00.IN',2000,77.9268292682927),('DEU','SP.DYN.LE00.IN',2001,78.32926829268291),('DEU','SP.DYN.LE00.IN',2002,78.2292682926829),('DEU','SP.DYN.LE00.IN',2003,78.38048780487809),('DEU','SP.DYN.LE00.IN',2004,78.6804878048781),('DEU','SP.DYN.LE00.IN',2005,78.9317073170732),('DEU','SP.DYN.LE00.IN',2006,79.13170731707321),('DEU','SP.DYN.LE00.IN',2007,79.5341463414634),('DEU','SP.DYN.LE00.IN',2008,79.7365853658537),('DEU','SP.DYN.LE00.IN',2009,79.83658536585371),('DEU','SP.DYN.LE00.IN',2010,79.9878048780488),('DEU','SP.DYN.LE00.IN',2011,80.4365853658537),('DEU','SP.DYN.LE00.IN',2012,80.5390243902439),('DEU','SP.DYN.LE00.IN',2013,80.490243902439),('DEU','SP.DYN.LE00.IN',2014,81.090243902439),('DEU','SP.DYN.LE00.IN',2015,80.64146341463409),('DEU','SP.DYN.LE00.IN',2016,80.990243902439),('DEU','SP.DYN.LE00.IN',2017,80.990243902439),('DEU','SP.DYN.TFRT.IN',1960,2.37),('DEU','SP.DYN.TFRT.IN',1961,2.45),('DEU','SP.DYN.TFRT.IN',1962,2.44),('DEU','SP.DYN.TFRT.IN',1963,2.51),('DEU','SP.DYN.TFRT.IN',1964,2.54),('DEU','SP.DYN.TFRT.IN',1965,2.5),('DEU','SP.DYN.TFRT.IN',1966,2.53),('DEU','SP.DYN.TFRT.IN',1967,2.48),('DEU','SP.DYN.TFRT.IN',1968,2.38),('DEU','SP.DYN.TFRT.IN',1969,2.21),('DEU','SP.DYN.TFRT.IN',1970,2.03),('DEU','SP.DYN.TFRT.IN',1971,1.92),('DEU','SP.DYN.TFRT.IN',1972,1.71),('DEU','SP.DYN.TFRT.IN',1973,1.54),('DEU','SP.DYN.TFRT.IN',1974,1.51),('DEU','SP.DYN.TFRT.IN',1975,1.45),('DEU','SP.DYN.TFRT.IN',1976,1.45),('DEU','SP.DYN.TFRT.IN',1977,1.4),('DEU','SP.DYN.TFRT.IN',1978,1.38),('DEU','SP.DYN.TFRT.IN',1979,1.38),('DEU','SP.DYN.TFRT.IN',1980,1.44),('DEU','SP.DYN.TFRT.IN',1981,1.43),('DEU','SP.DYN.TFRT.IN',1982,1.41),('DEU','SP.DYN.TFRT.IN',1983,1.33),('DEU','SP.DYN.TFRT.IN',1984,1.29),('DEU','SP.DYN.TFRT.IN',1985,1.37),('DEU','SP.DYN.TFRT.IN',1986,1.43),('DEU','SP.DYN.TFRT.IN',1987,1.43),('DEU','SP.DYN.TFRT.IN',1988,1.46),('DEU','SP.DYN.TFRT.IN',1989,1.42),('DEU','SP.DYN.TFRT.IN',1990,1.45),('DEU','SP.DYN.TFRT.IN',1991,1.33),('DEU','SP.DYN.TFRT.IN',1992,1.29),('DEU','SP.DYN.TFRT.IN',1993,1.28),('DEU','SP.DYN.TFRT.IN',1994,1.24),('DEU','SP.DYN.TFRT.IN',1995,1.25),('DEU','SP.DYN.TFRT.IN',1996,1.3),('DEU','SP.DYN.TFRT.IN',1997,1.35),('DEU','SP.DYN.TFRT.IN',1998,1.36),('DEU','SP.DYN.TFRT.IN',1999,1.36),('DEU','SP.DYN.TFRT.IN',2000,1.38),('DEU','SP.DYN.TFRT.IN',2001,1.35),('DEU','SP.DYN.TFRT.IN',2002,1.34),('DEU','SP.DYN.TFRT.IN',2003,1.34),('DEU','SP.DYN.TFRT.IN',2004,1.36),('DEU','SP.DYN.TFRT.IN',2005,1.34),('DEU','SP.DYN.TFRT.IN',2006,1.33),('DEU','SP.DYN.TFRT.IN',2007,1.37),('DEU','SP.DYN.TFRT.IN',2008,1.38),('DEU','SP.DYN.TFRT.IN',2009,1.36),('DEU','SP.DYN.TFRT.IN',2010,1.39),('DEU','SP.DYN.TFRT.IN',2011,1.39),('DEU','SP.DYN.TFRT.IN',2012,1.41),('DEU','SP.DYN.TFRT.IN',2013,1.42),('DEU','SP.DYN.TFRT.IN',2014,1.47),('DEU','SP.DYN.TFRT.IN',2015,1.5),('DEU','SP.DYN.TFRT.IN',2016,1.59),('DEU','SP.DYN.TFRT.IN',2017,1.57),('DEU','SP.POP.TOTL',1960,72814900),('DEU','SP.POP.TOTL',1961,73377632),('DEU','SP.POP.TOTL',1962,74025784),('DEU','SP.POP.TOTL',1963,74714353),('DEU','SP.POP.TOTL',1964,75318337),('DEU','SP.POP.TOTL',1965,75963695),('DEU','SP.POP.TOTL',1966,76600311),('DEU','SP.POP.TOTL',1967,76951336),('DEU','SP.POP.TOTL',1968,77294314),('DEU','SP.POP.TOTL',1969,77909682),('DEU','SP.POP.TOTL',1970,78169289),('DEU','SP.POP.TOTL',1971,78312842),('DEU','SP.POP.TOTL',1972,78688452),('DEU','SP.POP.TOTL',1973,78936666),('DEU','SP.POP.TOTL',1974,78967433),('DEU','SP.POP.TOTL',1975,78673554),('DEU','SP.POP.TOTL',1976,78336950),('DEU','SP.POP.TOTL',1977,78159814),('DEU','SP.POP.TOTL',1978,78091820),('DEU','SP.POP.TOTL',1979,78126350),('DEU','SP.POP.TOTL',1980,78288576),('DEU','SP.POP.TOTL',1981,78407907),('DEU','SP.POP.TOTL',1982,78333366),('DEU','SP.POP.TOTL',1983,78128282),('DEU','SP.POP.TOTL',1984,77858685),('DEU','SP.POP.TOTL',1985,77684873),('DEU','SP.POP.TOTL',1986,77720436),('DEU','SP.POP.TOTL',1987,77839920),('DEU','SP.POP.TOTL',1988,78144619),('DEU','SP.POP.TOTL',1989,78751283),('DEU','SP.POP.TOTL',1990,79433029),('DEU','SP.POP.TOTL',1991,80013896),('DEU','SP.POP.TOTL',1992,80624598),('DEU','SP.POP.TOTL',1993,81156363),('DEU','SP.POP.TOTL',1994,81438348),('DEU','SP.POP.TOTL',1995,81678051),('DEU','SP.POP.TOTL',1996,81914831),('DEU','SP.POP.TOTL',1997,82034771),('DEU','SP.POP.TOTL',1998,82047195),('DEU','SP.POP.TOTL',1999,82100243),('DEU','SP.POP.TOTL',2000,82211508),('DEU','SP.POP.TOTL',2001,82349925),('DEU','SP.POP.TOTL',2002,82488495),('DEU','SP.POP.TOTL',2003,82534176),('DEU','SP.POP.TOTL',2004,82516260),('DEU','SP.POP.TOTL',2005,82469422),('DEU','SP.POP.TOTL',2006,82376451),('DEU','SP.POP.TOTL',2007,82266372),('DEU','SP.POP.TOTL',2008,82110097),('DEU','SP.POP.TOTL',2009,81902307),('DEU','SP.POP.TOTL',2010,81776930),('DEU','SP.POP.TOTL',2011,80274983),('DEU','SP.POP.TOTL',2012,80425823),('DEU','SP.POP.TOTL',2013,80645605),('DEU','SP.POP.TOTL',2014,80982500),('DEU','SP.POP.TOTL',2015,81686611),('DEU','SP.POP.TOTL',2016,82348669),('DEU','SP.POP.TOTL',2017,82657002),('DEU','SP.POP.TOTL',2018,82927922),('ESP','EN.ATM.CO2E.PC',1960,1.60659271055656),('ESP','EN.ATM.CO2E.PC',1961,1.74622171978822),('ESP','EN.ATM.CO2E.PC',1962,1.93578153318373),('ESP','EN.ATM.CO2E.PC',1963,1.87950931235422),('ESP','EN.ATM.CO2E.PC',1964,2.03772525684378),('ESP','EN.ATM.CO2E.PC',1965,2.22561019346008),('ESP','EN.ATM.CO2E.PC',1966,2.40773570917425),('ESP','EN.ATM.CO2E.PC',1967,2.64722755876329),('ESP','EN.ATM.CO2E.PC',1968,2.93409753966508),('ESP','EN.ATM.CO2E.PC',1969,2.89710186766242),('ESP','EN.ATM.CO2E.PC',1970,3.4579698591709),('ESP','EN.ATM.CO2E.PC',1971,3.75994979034019),('ESP','EN.ATM.CO2E.PC',1972,4.190966866158241),('ESP','EN.ATM.CO2E.PC',1973,4.440462955344152),('ESP','EN.ATM.CO2E.PC',1974,4.8949886404547405),('ESP','EN.ATM.CO2E.PC',1975,5.07985214456106),('ESP','EN.ATM.CO2E.PC',1976,5.49129460300474),('ESP','EN.ATM.CO2E.PC',1977,5.35894297593551),('ESP','EN.ATM.CO2E.PC',1978,5.43859432352152),('ESP','EN.ATM.CO2E.PC',1979,5.47831588706293),('ESP','EN.ATM.CO2E.PC',1980,5.73477895392154),('ESP','EN.ATM.CO2E.PC',1981,5.4898223402220285),('ESP','EN.ATM.CO2E.PC',1982,5.52588710812812),('ESP','EN.ATM.CO2E.PC',1983,5.367036187315019),('ESP','EN.ATM.CO2E.PC',1984,5.1904825375516905),('ESP','EN.ATM.CO2E.PC',1985,5.23099848524203),('ESP','EN.ATM.CO2E.PC',1986,4.93636135990336),('ESP','EN.ATM.CO2E.PC',1987,4.93419319699474),('ESP','EN.ATM.CO2E.PC',1988,5.1341107689725),('ESP','EN.ATM.CO2E.PC',1989,5.837882861346331),('ESP','EN.ATM.CO2E.PC',1990,5.62419000722509),('ESP','EN.ATM.CO2E.PC',1991,5.79048400600559),('ESP','EN.ATM.CO2E.PC',1992,5.973836221421161),('ESP','EN.ATM.CO2E.PC',1993,5.5702888032401),('ESP','EN.ATM.CO2E.PC',1994,5.90163879296595),('ESP','EN.ATM.CO2E.PC',1995,6.08224226885224),('ESP','EN.ATM.CO2E.PC',1996,5.848744211936411),('ESP','EN.ATM.CO2E.PC',1997,6.29280273359804),('ESP','EN.ATM.CO2E.PC',1998,6.50220349994825),('ESP','EN.ATM.CO2E.PC',1999,6.99126468685681),('ESP','EN.ATM.CO2E.PC',2000,7.25782434589112),('ESP','EN.ATM.CO2E.PC',2001,7.29074832831551),('ESP','EN.ATM.CO2E.PC',2002,7.59128078166889),('ESP','EN.ATM.CO2E.PC',2003,7.61116644458348),('ESP','EN.ATM.CO2E.PC',2004,7.908050681359709),('ESP','EN.ATM.CO2E.PC',2005,8.09705804769438),('ESP','EN.ATM.CO2E.PC',2006,7.88419571010583),('ESP','EN.ATM.CO2E.PC',2007,7.92089071606499),('ESP','EN.ATM.CO2E.PC',2008,7.165531606686032),('ESP','EN.ATM.CO2E.PC',2009,6.21697337783496),('ESP','EN.ATM.CO2E.PC',2010,5.81641636625128),('ESP','EN.ATM.CO2E.PC',2011,5.788018457728269),('ESP','EN.ATM.CO2E.PC',2012,5.66093880333453),('ESP','EN.ATM.CO2E.PC',2013,5.08439835268284),('ESP','EN.ATM.CO2E.PC',2014,5.03382448723757),('ESP','NE.EXP.GNFS.ZS',1970,12.130592682602101),('ESP','NE.EXP.GNFS.ZS',1971,13.013405906106401),('ESP','NE.EXP.GNFS.ZS',1972,13.339061047726801),('ESP','NE.EXP.GNFS.ZS',1973,13.3214872724339),('ESP','NE.EXP.GNFS.ZS',1974,13.184626541312301),('ESP','NE.EXP.GNFS.ZS',1975,12.375806891064801),('ESP','NE.EXP.GNFS.ZS',1976,12.566870330309401),('ESP','NE.EXP.GNFS.ZS',1977,13.251840095614),('ESP','NE.EXP.GNFS.ZS',1978,13.879539898363),('ESP','NE.EXP.GNFS.ZS',1979,13.7041540738948),('ESP','NE.EXP.GNFS.ZS',1980,14.2907951112364),('ESP','NE.EXP.GNFS.ZS',1981,16.2834544138251),('ESP','NE.EXP.GNFS.ZS',1982,16.977112885037197),('ESP','NE.EXP.GNFS.ZS',1983,19.0753191908752),('ESP','NE.EXP.GNFS.ZS',1984,21.303059297009),('ESP','NE.EXP.GNFS.ZS',1985,20.864741224723602),('ESP','NE.EXP.GNFS.ZS',1986,18.1973255350273),('ESP','NE.EXP.GNFS.ZS',1987,17.7248426531766),('ESP','NE.EXP.GNFS.ZS',1988,17.3027871905832),('ESP','NE.EXP.GNFS.ZS',1989,16.6023775575793),('ESP','NE.EXP.GNFS.ZS',1990,15.7247982291945),('ESP','NE.EXP.GNFS.ZS',1991,15.7607198512747),('ESP','NE.EXP.GNFS.ZS',1992,16.187549012467898),('ESP','NE.EXP.GNFS.ZS',1993,17.708887656009),('ESP','NE.EXP.GNFS.ZS',1994,20.3111353908915),('ESP','NE.EXP.GNFS.ZS',1995,21.827099273103105),('ESP','NE.EXP.GNFS.ZS',1996,23.0323607990957),('ESP','NE.EXP.GNFS.ZS',1997,25.6697890106843),('ESP','NE.EXP.GNFS.ZS',1998,26.101947326675),('ESP','NE.EXP.GNFS.ZS',1999,26.3515090067028),('ESP','NE.EXP.GNFS.ZS',2000,28.56335793261111),('ESP','NE.EXP.GNFS.ZS',2001,27.8616191602484),('ESP','NE.EXP.GNFS.ZS',2002,26.553994919632),('ESP','NE.EXP.GNFS.ZS',2003,25.6289061234055),('ESP','NE.EXP.GNFS.ZS',2004,25.411984822622298),('ESP','NE.EXP.GNFS.ZS',2005,24.9792690409411),('ESP','NE.EXP.GNFS.ZS',2006,25.2413025005404),('ESP','NE.EXP.GNFS.ZS',2007,25.984738814678),('ESP','NE.EXP.GNFS.ZS',2008,25.623929174316203),('ESP','NE.EXP.GNFS.ZS',2009,23.0616941747255),('ESP','NE.EXP.GNFS.ZS',2010,25.951679346402397),('ESP','NE.EXP.GNFS.ZS',2011,29.5349622049272),('ESP','NE.EXP.GNFS.ZS',2012,31.45527248111),('ESP','NE.EXP.GNFS.ZS',2013,32.9625774735678),('ESP','NE.EXP.GNFS.ZS',2014,33.4825675913959),('ESP','NE.EXP.GNFS.ZS',2015,33.626518434655104),('ESP','NE.EXP.GNFS.ZS',2016,33.880090497737605),('ESP','NE.EXP.GNFS.ZS',2017,35.1783922236242),('ESP','NE.EXP.GNFS.ZS',2018,35.116657641493504),('ESP','NE.IMP.GNFS.ZS',1970,13.690918832226801),('ESP','NE.IMP.GNFS.ZS',1971,12.8809160813397),('ESP','NE.IMP.GNFS.ZS',1972,13.841656778745),('ESP','NE.IMP.GNFS.ZS',1973,14.7856013136941),('ESP','NE.IMP.GNFS.ZS',1974,18.5108464198865),('ESP','NE.IMP.GNFS.ZS',1975,16.7101535807517),('ESP','NE.IMP.GNFS.ZS',1976,17.5106299269425),('ESP','NE.IMP.GNFS.ZS',1977,15.911743650500698),('ESP','NE.IMP.GNFS.ZS',1978,13.845674450125502),('ESP','NE.IMP.GNFS.ZS',1979,14.1318433015231),('ESP','NE.IMP.GNFS.ZS',1980,17.269814370647598),('ESP','NE.IMP.GNFS.ZS',1981,19.0967375922089),('ESP','NE.IMP.GNFS.ZS',1982,19.5513159165083),('ESP','NE.IMP.GNFS.ZS',1983,20.6932057003306),('ESP','NE.IMP.GNFS.ZS',1984,20.238370818512198),('ESP','NE.IMP.GNFS.ZS',1985,20.001885047708),('ESP','NE.IMP.GNFS.ZS',1986,17.1500164419503),('ESP','NE.IMP.GNFS.ZS',1987,18.5951170484662),('ESP','NE.IMP.GNFS.ZS',1988,19.410694820187302),('ESP','NE.IMP.GNFS.ZS',1989,20.7818060547589),('ESP','NE.IMP.GNFS.ZS',1990,19.8859352058869),('ESP','NE.IMP.GNFS.ZS',1991,19.7178214455245),('ESP','NE.IMP.GNFS.ZS',1992,19.7902931601058),('ESP','NE.IMP.GNFS.ZS',1993,19.24100646555189),('ESP','NE.IMP.GNFS.ZS',1994,21.333343350283197),('ESP','NE.IMP.GNFS.ZS',1995,22.9482748139335),('ESP','NE.IMP.GNFS.ZS',1996,23.2128584657085),('ESP','NE.IMP.GNFS.ZS',1997,25.4964681051018),('ESP','NE.IMP.GNFS.ZS',1998,26.5595070441534),('ESP','NE.IMP.GNFS.ZS',1999,28.284957941862196),('ESP','NE.IMP.GNFS.ZS',2000,31.5189758138831),('ESP','NE.IMP.GNFS.ZS',2001,30.1355363035009),('ESP','NE.IMP.GNFS.ZS',2002,28.545184323435887),('ESP','NE.IMP.GNFS.ZS',2003,27.834782977217003),('ESP','NE.IMP.GNFS.ZS',2004,29.1121978690701),('ESP','NE.IMP.GNFS.ZS',2005,29.783028542406),('ESP','NE.IMP.GNFS.ZS',2006,30.935832313067106),('ESP','NE.IMP.GNFS.ZS',2007,31.762864944925298),('ESP','NE.IMP.GNFS.ZS',2008,30.3594008693685),('ESP','NE.IMP.GNFS.ZS',2009,23.933180152301997),('ESP','NE.IMP.GNFS.ZS',2010,26.9765612109155),('ESP','NE.IMP.GNFS.ZS',2011,29.258208830350398),('ESP','NE.IMP.GNFS.ZS',2012,29.390097362135002),('ESP','NE.IMP.GNFS.ZS',2013,29.033721828239003),('ESP','NE.IMP.GNFS.ZS',2014,30.383042131146606),('ESP','NE.IMP.GNFS.ZS',2015,30.586122736848),('ESP','NE.IMP.GNFS.ZS',2016,29.89253393665161),('ESP','NE.IMP.GNFS.ZS',2017,31.5991868337295),('ESP','NE.IMP.GNFS.ZS',2018,32.4030334563585),('ESP','NE.TRD.GNFS.ZS',1970,25.82151151482889),('ESP','NE.TRD.GNFS.ZS',1971,25.8943219874461),('ESP','NE.TRD.GNFS.ZS',1972,27.18071782647181),('ESP','NE.TRD.GNFS.ZS',1973,28.107088586128),('ESP','NE.TRD.GNFS.ZS',1974,31.695472961198806),('ESP','NE.TRD.GNFS.ZS',1975,29.085960471816502),('ESP','NE.TRD.GNFS.ZS',1976,30.0775002572519),('ESP','NE.TRD.GNFS.ZS',1977,29.163583746114696),('ESP','NE.TRD.GNFS.ZS',1978,27.725214348488496),('ESP','NE.TRD.GNFS.ZS',1979,27.8359973754179),('ESP','NE.TRD.GNFS.ZS',1980,31.560609481883887),('ESP','NE.TRD.GNFS.ZS',1981,35.380192006034),('ESP','NE.TRD.GNFS.ZS',1982,36.5284288015454),('ESP','NE.TRD.GNFS.ZS',1983,39.7685248912058),('ESP','NE.TRD.GNFS.ZS',1984,41.5414301155211),('ESP','NE.TRD.GNFS.ZS',1985,40.8666262724316),('ESP','NE.TRD.GNFS.ZS',1986,35.3473419769776),('ESP','NE.TRD.GNFS.ZS',1987,36.319959701642794),('ESP','NE.TRD.GNFS.ZS',1988,36.713482010770505),('ESP','NE.TRD.GNFS.ZS',1989,37.38418361233821),('ESP','NE.TRD.GNFS.ZS',1990,35.61073343508139),('ESP','NE.TRD.GNFS.ZS',1991,35.4785412967992),('ESP','NE.TRD.GNFS.ZS',1992,35.9778421725737),('ESP','NE.TRD.GNFS.ZS',1993,36.949894121560895),('ESP','NE.TRD.GNFS.ZS',1994,41.6444787411747),('ESP','NE.TRD.GNFS.ZS',1995,44.7753740870366),('ESP','NE.TRD.GNFS.ZS',1996,46.2452192648042),('ESP','NE.TRD.GNFS.ZS',1997,51.1662571157861),('ESP','NE.TRD.GNFS.ZS',1998,52.6614543708284),('ESP','NE.TRD.GNFS.ZS',1999,54.636466948564994),('ESP','NE.TRD.GNFS.ZS',2000,60.08233374649421),('ESP','NE.TRD.GNFS.ZS',2001,57.997155463749294),('ESP','NE.TRD.GNFS.ZS',2002,55.099179243067894),('ESP','NE.TRD.GNFS.ZS',2003,53.4636891006225),('ESP','NE.TRD.GNFS.ZS',2004,54.524182691692296),('ESP','NE.TRD.GNFS.ZS',2005,54.7622975833471),('ESP','NE.TRD.GNFS.ZS',2006,56.177134813607594),('ESP','NE.TRD.GNFS.ZS',2007,57.7476037596033),('ESP','NE.TRD.GNFS.ZS',2008,55.9833300436847),('ESP','NE.TRD.GNFS.ZS',2009,46.9948743270275),('ESP','NE.TRD.GNFS.ZS',2010,52.928240557318),('ESP','NE.TRD.GNFS.ZS',2011,58.7931710352776),('ESP','NE.TRD.GNFS.ZS',2012,60.845369843244896),('ESP','NE.TRD.GNFS.ZS',2013,61.99629930180679),('ESP','NE.TRD.GNFS.ZS',2014,63.865609722542494),('ESP','NE.TRD.GNFS.ZS',2015,64.21264117150311),('ESP','NE.TRD.GNFS.ZS',2016,63.77262443438911),('ESP','NE.TRD.GNFS.ZS',2017,66.7775790573537),('ESP','NE.TRD.GNFS.ZS',2018,67.519691097852),('ESP','NY.GDP.MKTP.KD.ZG',1961,11.8386741948332),('ESP','NY.GDP.MKTP.KD.ZG',1962,9.95343810301794),('ESP','NY.GDP.MKTP.KD.ZG',1963,9.596498874197607),('ESP','NY.GDP.MKTP.KD.ZG',1964,5.30851024557151),('ESP','NY.GDP.MKTP.KD.ZG',1965,6.253134898985),('ESP','NY.GDP.MKTP.KD.ZG',1966,7.2460603095078495),('ESP','NY.GDP.MKTP.KD.ZG',1967,4.34033841707489),('ESP','NY.GDP.MKTP.KD.ZG',1968,6.59702013758312),('ESP','NY.GDP.MKTP.KD.ZG',1969,8.907015555270961),('ESP','NY.GDP.MKTP.KD.ZG',1970,4.29063938766936),('ESP','NY.GDP.MKTP.KD.ZG',1971,4.64947345550061),('ESP','NY.GDP.MKTP.KD.ZG',1972,8.14974587576147),('ESP','NY.GDP.MKTP.KD.ZG',1973,7.78846528076687),('ESP','NY.GDP.MKTP.KD.ZG',1974,5.61878576869906),('ESP','NY.GDP.MKTP.KD.ZG',1975,0.542203303441539),('ESP','NY.GDP.MKTP.KD.ZG',1976,3.30379152631146),('ESP','NY.GDP.MKTP.KD.ZG',1977,2.83857429483281),('ESP','NY.GDP.MKTP.KD.ZG',1978,1.46300338391907),('ESP','NY.GDP.MKTP.KD.ZG',1979,0.0415465097494092),('ESP','NY.GDP.MKTP.KD.ZG',1980,2.20872811134694),('ESP','NY.GDP.MKTP.KD.ZG',1981,-0.132468611532843),('ESP','NY.GDP.MKTP.KD.ZG',1982,1.2464617264703002),('ESP','NY.GDP.MKTP.KD.ZG',1983,1.77011576368994),('ESP','NY.GDP.MKTP.KD.ZG',1984,1.78468752120753),('ESP','NY.GDP.MKTP.KD.ZG',1985,2.32143585473783),('ESP','NY.GDP.MKTP.KD.ZG',1986,3.25332172679546),('ESP','NY.GDP.MKTP.KD.ZG',1987,5.54712260806937),('ESP','NY.GDP.MKTP.KD.ZG',1988,5.09432422622058),('ESP','NY.GDP.MKTP.KD.ZG',1989,4.8270302967417695),('ESP','NY.GDP.MKTP.KD.ZG',1990,3.78139345753306),('ESP','NY.GDP.MKTP.KD.ZG',1991,2.54600057704889),('ESP','NY.GDP.MKTP.KD.ZG',1992,0.9292154305898348),('ESP','NY.GDP.MKTP.KD.ZG',1993,-1.03149177665361),('ESP','NY.GDP.MKTP.KD.ZG',1994,2.3831953073172403),('ESP','NY.GDP.MKTP.KD.ZG',1995,2.75749403865821),('ESP','NY.GDP.MKTP.KD.ZG',1996,2.66052445272342),('ESP','NY.GDP.MKTP.KD.ZG',1997,3.7025802853684096),('ESP','NY.GDP.MKTP.KD.ZG',1998,4.39303735124493),('ESP','NY.GDP.MKTP.KD.ZG',1999,4.49049131553554),('ESP','NY.GDP.MKTP.KD.ZG',2000,5.24599468041613),('ESP','NY.GDP.MKTP.KD.ZG',2001,3.93294884333099),('ESP','NY.GDP.MKTP.KD.ZG',2002,2.73102223160264),('ESP','NY.GDP.MKTP.KD.ZG',2003,2.98189483596207),('ESP','NY.GDP.MKTP.KD.ZG',2004,3.1227952415142406),('ESP','NY.GDP.MKTP.KD.ZG',2005,3.65203267433178),('ESP','NY.GDP.MKTP.KD.ZG',2006,4.10272711542463),('ESP','NY.GDP.MKTP.KD.ZG',2007,3.60468797126931),('ESP','NY.GDP.MKTP.KD.ZG',2008,0.887145182485298),('ESP','NY.GDP.MKTP.KD.ZG',2009,-3.76323192690089),('ESP','NY.GDP.MKTP.KD.ZG',2010,0.163010230841422),('ESP','NY.GDP.MKTP.KD.ZG',2011,-0.81437345515107),('ESP','NY.GDP.MKTP.KD.ZG',2012,-2.959441301735549),('ESP','NY.GDP.MKTP.KD.ZG',2013,-1.43539425919327),('ESP','NY.GDP.MKTP.KD.ZG',2014,1.3839079426702905),('ESP','NY.GDP.MKTP.KD.ZG',2015,3.835172660338461),('ESP','NY.GDP.MKTP.KD.ZG',2016,3.03130132981933),('ESP','NY.GDP.MKTP.KD.ZG',2017,2.8917681073267003),('ESP','NY.GDP.MKTP.KD.ZG',2018,2.3510081314050497),('ESP','NY.GDP.MKTP.KN',1960,170596422627.564),('ESP','NY.GDP.MKTP.KN',1961,190792777290.482),('ESP','NY.GDP.MKTP.KN',1962,209783218283.119),('ESP','NY.GDP.MKTP.KN',1963,229915062463.914),('ESP','NY.GDP.MKTP.KN',1964,242120127110.923),('ESP','NY.GDP.MKTP.KN',1965,257260225276.763),('ESP','NY.GDP.MKTP.KN',1966,275901456352.693),('ESP','NY.GDP.MKTP.KN',1967,287876513256.038),('ESP','NY.GDP.MKTP.KN',1968,306867784806.911),('ESP','NY.GDP.MKTP.KN',1969,334200546133.778),('ESP','NY.GDP.MKTP.KN',1970,348539886400),('ESP','NY.GDP.MKTP.KN',1971,364745155900),('ESP','NY.GDP.MKTP.KN',1972,394470959200),('ESP','NY.GDP.MKTP.KN',1973,425194192900),('ESP','NY.GDP.MKTP.KN',1974,449084943700),('ESP','NY.GDP.MKTP.KN',1975,451519897100),('ESP','NY.GDP.MKTP.KN',1976,466437173200),('ESP','NY.GDP.MKTP.KN',1977,479677338900),('ESP','NY.GDP.MKTP.KN',1978,486695034600),('ESP','NY.GDP.MKTP.KN',1979,486897239400),('ESP','NY.GDP.MKTP.KN',1980,497651475600),('ESP','NY.GDP.MKTP.KN',1981,496992243600),('ESP','NY.GDP.MKTP.KN',1982,503187061700),('ESP','NY.GDP.MKTP.KN',1983,512094055200),('ESP','NY.GDP.MKTP.KN',1984,521233333900),('ESP','NY.GDP.MKTP.KN',1985,533333431400),('ESP','NY.GDP.MKTP.KN',1986,550684483800),('ESP','NY.GDP.MKTP.KN',1987,581231627300),('ESP','NY.GDP.MKTP.KN',1988,610841450900),('ESP','NY.GDP.MKTP.KN',1989,640326952800),('ESP','NY.GDP.MKTP.KN',1990,664540234300),('ESP','NY.GDP.MKTP.KN',1991,681459432500),('ESP','NY.GDP.MKTP.KN',1992,687791658700),('ESP','NY.GDP.MKTP.KN',1993,680697144300),('ESP','NY.GDP.MKTP.KN',1994,696919486700),('ESP','NY.GDP.MKTP.KN',1995,716137000000),('ESP','NY.GDP.MKTP.KN',1996,735190000000),('ESP','NY.GDP.MKTP.KN',1997,762411000000),('ESP','NY.GDP.MKTP.KN',1998,795904000000),('ESP','NY.GDP.MKTP.KN',1999,831644000000),('ESP','NY.GDP.MKTP.KN',2000,875272000000),('ESP','NY.GDP.MKTP.KN',2001,909696000000),('ESP','NY.GDP.MKTP.KN',2002,934540000000),('ESP','NY.GDP.MKTP.KN',2003,962407000000),('ESP','NY.GDP.MKTP.KN',2004,992461000000),('ESP','NY.GDP.MKTP.KN',2005,1028706000000),('ESP','NY.GDP.MKTP.KN',2006,1070911000000),('ESP','NY.GDP.MKTP.KN',2007,1109514000000),('ESP','NY.GDP.MKTP.KN',2008,1119357000000),('ESP','NY.GDP.MKTP.KN',2009,1077233000000),('ESP','NY.GDP.MKTP.KN',2010,1078989000000),('ESP','NY.GDP.MKTP.KN',2011,1070202000000),('ESP','NY.GDP.MKTP.KN',2012,1038530000000),('ESP','NY.GDP.MKTP.KN',2013,1023623000000),('ESP','NY.GDP.MKTP.KN',2014,1037789000000),('ESP','NY.GDP.MKTP.KN',2015,1077590000000),('ESP','NY.GDP.MKTP.KN',2016,1110255000000),('ESP','NY.GDP.MKTP.KN',2017,1142361000000),('ESP','NY.GDP.MKTP.KN',2018,1169218000000),('ESP','NY.GDP.PCAP.KD.ZG',1961,10.8044868564993),('ESP','NY.GDP.PCAP.KD.ZG',1962,8.94647028978719),('ESP','NY.GDP.PCAP.KD.ZG',1963,8.639492988972531),('ESP','NY.GDP.PCAP.KD.ZG',1964,4.26724541658132),('ESP','NY.GDP.PCAP.KD.ZG',1965,5.10563214429294),('ESP','NY.GDP.PCAP.KD.ZG',1966,6.15343472456982),('ESP','NY.GDP.PCAP.KD.ZG',1967,3.0641265961751003),('ESP','NY.GDP.PCAP.KD.ZG',1968,5.21217229135009),('ESP','NY.GDP.PCAP.KD.ZG',1969,7.83908305108363),('ESP','NY.GDP.PCAP.KD.ZG',1970,3.13876313876946),('ESP','NY.GDP.PCAP.KD.ZG',1971,3.39592684345926),('ESP','NY.GDP.PCAP.KD.ZG',1972,6.9621931267762),('ESP','NY.GDP.PCAP.KD.ZG',1973,6.604025704628191),('ESP','NY.GDP.PCAP.KD.ZG',1974,4.47106831926834),('ESP','NY.GDP.PCAP.KD.ZG',1975,-0.539096560739182),('ESP','NY.GDP.PCAP.KD.ZG',1976,2.2177725374932),('ESP','NY.GDP.PCAP.KD.ZG',1977,1.78565706131018),('ESP','NY.GDP.PCAP.KD.ZG',1978,0.4907283331267821),('ESP','NY.GDP.PCAP.KD.ZG',1979,-0.836528087482534),('ESP','NY.GDP.PCAP.KD.ZG',1980,1.39131542243034),('ESP','NY.GDP.PCAP.KD.ZG',1981,-0.8398875100185279),('ESP','NY.GDP.PCAP.KD.ZG',1982,0.640409116529923),('ESP','NY.GDP.PCAP.KD.ZG',1983,1.27551463141479),('ESP','NY.GDP.PCAP.KD.ZG',1984,1.36289716249398),('ESP','NY.GDP.PCAP.KD.ZG',1985,1.95132918022856),('ESP','NY.GDP.PCAP.KD.ZG',1986,2.94527942552503),('ESP','NY.GDP.PCAP.KD.ZG',1987,5.2737628476252585),('ESP','NY.GDP.PCAP.KD.ZG',1988,4.8716920941671695),('ESP','NY.GDP.PCAP.KD.ZG',1989,4.6628152232752695),('ESP','NY.GDP.PCAP.KD.ZG',1990,3.67576785352585),('ESP','NY.GDP.PCAP.KD.ZG',1991,2.28532476924063),('ESP','NY.GDP.PCAP.KD.ZG',1992,0.436115103672918),('ESP','NY.GDP.PCAP.KD.ZG',1993,-1.5433582914667),('ESP','NY.GDP.PCAP.KD.ZG',1994,1.89690687558577),('ESP','NY.GDP.PCAP.KD.ZG',1995,2.30495706113174),('ESP','NY.GDP.PCAP.KD.ZG',1996,2.2338164199307595),('ESP','NY.GDP.PCAP.KD.ZG',1997,3.2688520862271804),('ESP','NY.GDP.PCAP.KD.ZG',1998,3.96190213216721),('ESP','NY.GDP.PCAP.KD.ZG',1999,4.06782445645686),('ESP','NY.GDP.PCAP.KD.ZG',2000,4.776451415056799),('ESP','NY.GDP.PCAP.KD.ZG',2001,3.2140810182087898),('ESP','NY.GDP.PCAP.KD.ZG',2002,1.29005004692624),('ESP','NY.GDP.PCAP.KD.ZG',2003,1.13625325248812),('ESP','NY.GDP.PCAP.KD.ZG',2004,1.3587092801166298),('ESP','NY.GDP.PCAP.KD.ZG',2005,1.91569573801111),('ESP','NY.GDP.PCAP.KD.ZG',2006,2.3578131529143502),('ESP','NY.GDP.PCAP.KD.ZG',2007,1.70452202327694),('ESP','NY.GDP.PCAP.KD.ZG',2008,-0.7095679241227799),('ESP','NY.GDP.PCAP.KD.ZG',2009,-4.61187170615491),('ESP','NY.GDP.PCAP.KD.ZG',2010,-0.297088607471025),('ESP','NY.GDP.PCAP.KD.ZG',2011,-1.16619262555828),('ESP','NY.GDP.PCAP.KD.ZG',2012,-3.0224253698269505),('ESP','NY.GDP.PCAP.KD.ZG',2013,-1.11189885449343),('ESP','NY.GDP.PCAP.KD.ZG',2014,1.68744970379751),('ESP','NY.GDP.PCAP.KD.ZG',2015,3.91576845137082),('ESP','NY.GDP.PCAP.KD.ZG',2016,2.9454403771112),('ESP','NY.GDP.PCAP.KD.ZG',2017,2.64959064764079),('ESP','NY.GDP.PCAP.KD.ZG',2018,2.06511204193984),('ESP','NY.GDY.TOTL.KN',1970,343164480641.38696),('ESP','NY.GDY.TOTL.KN',1971,358738347294.845),('ESP','NY.GDY.TOTL.KN',1972,388920982449.992),('ESP','NY.GDY.TOTL.KN',1973,418829432450.468),('ESP','NY.GDY.TOTL.KN',1974,438481795767.7871),('ESP','NY.GDY.TOTL.KN',1975,441888464137.306),('ESP','NY.GDY.TOTL.KN',1976,456712406652.837),('ESP','NY.GDY.TOTL.KN',1977,468056117398.985),('ESP','NY.GDY.TOTL.KN',1978,476573968620.937),('ESP','NY.GDY.TOTL.KN',1979,477046059226.486),('ESP','NY.GDY.TOTL.KN',1980,481657405655.963),('ESP','NY.GDY.TOTL.KN',1981,474803382515.853),('ESP','NY.GDY.TOTL.KN',1982,480233144896.661),('ESP','NY.GDY.TOTL.KN',1983,485093055948.7871),('ESP','NY.GDY.TOTL.KN',1984,491237904958.473),('ESP','NY.GDY.TOTL.KN',1985,505858083014.53),('ESP','NY.GDY.TOTL.KN',1986,532441358253.928),('ESP','NY.GDY.TOTL.KN',1987,566025408527.734),('ESP','NY.GDY.TOTL.KN',1988,598158766371.958),('ESP','NY.GDY.TOTL.KN',1989,630355846299.297),('ESP','NY.GDY.TOTL.KN',1990,656961090637.62),('ESP','NY.GDY.TOTL.KN',1991,675934118154.2571),('ESP','NY.GDY.TOTL.KN',1992,683488604419.819),('ESP','NY.GDY.TOTL.KN',1993,674871311645.0079),('ESP','NY.GDY.TOTL.KN',1994,688656485852.293),('ESP','NY.GDY.TOTL.KN',1995,709000306527.148),('ESP','NY.GDY.TOTL.KN',1996,730009244553.4441),('ESP','NY.GDY.TOTL.KN',1997,756721205899.014),('ESP','NY.GDY.TOTL.KN',1998,795262117424.7809),('ESP','NY.GDY.TOTL.KN',1999,830378357080.119),('ESP','NY.GDY.TOTL.KN',2000,865841326431.468),('ESP','NY.GDY.TOTL.KN',2001,903907674505.794),('ESP','NY.GDY.TOTL.KN',2002,935463834567.982),('ESP','NY.GDY.TOTL.KN',2003,966748977322.902),('ESP','NY.GDY.TOTL.KN',2004,996125941554.99),('ESP','NY.GDY.TOTL.KN',2005,1034791599612.59),('ESP','NY.GDY.TOTL.KN',2006,1078778964272.03),('ESP','NY.GDY.TOTL.KN',2007,1120667326559.76),('ESP','NY.GDY.TOTL.KN',2008,1125370764726.14),('ESP','NY.GDY.TOTL.KN',2009,1095162896918.21),('ESP','NY.GDY.TOTL.KN',2010,1089875349208.65),('ESP','NY.GDY.TOTL.KN',2011,1070299618304.96),('ESP','NY.GDY.TOTL.KN',2012,1035164108698.16),('ESP','NY.GDY.TOTL.KN',2013,1024747880153.25),('ESP','NY.GDY.TOTL.KN',2014,1036092835003.71),('ESP','NY.GDY.TOTL.KN',2015,1077590000000),('ESP','NY.GDY.TOTL.KN',2016,1111894605487.23),('ESP','NY.GDY.TOTL.KN',2017,1140790894542.74),('ESP','NY.GDY.TOTL.KN',2018,1160984278954.79),('ESP','SP.DYN.LE00.IN',1960,69.1092682926829),('ESP','SP.DYN.LE00.IN',1961,69.4804878048781),('ESP','SP.DYN.LE00.IN',1962,69.5190243902439),('ESP','SP.DYN.LE00.IN',1963,69.6812195121951),('ESP','SP.DYN.LE00.IN',1964,70.399756097561),('ESP','SP.DYN.LE00.IN',1965,70.8092682926829),('ESP','SP.DYN.LE00.IN',1966,71.0551219512195),('ESP','SP.DYN.LE00.IN',1967,71.25292682926829),('ESP','SP.DYN.LE00.IN',1968,71.5378048780488),('ESP','SP.DYN.LE00.IN',1969,71.0575609756098),('ESP','SP.DYN.LE00.IN',1970,72.0273170731707),('ESP','SP.DYN.LE00.IN',1971,71.630243902439),('ESP','SP.DYN.LE00.IN',1972,72.8180487804878),('ESP','SP.DYN.LE00.IN',1973,72.6107317073171),('ESP','SP.DYN.LE00.IN',1974,72.969756097561),('ESP','SP.DYN.LE00.IN',1975,73.31878048780491),('ESP','SP.DYN.LE00.IN',1976,73.6426829268293),('ESP','SP.DYN.LE00.IN',1977,74.1319512195122),('ESP','SP.DYN.LE00.IN',1978,74.29560975609759),('ESP','SP.DYN.LE00.IN',1979,74.81878048780491),('ESP','SP.DYN.LE00.IN',1980,75.34926829268291),('ESP','SP.DYN.LE00.IN',1981,75.5285365853659),('ESP','SP.DYN.LE00.IN',1982,76.1341463414634),('ESP','SP.DYN.LE00.IN',1983,75.9090243902439),('ESP','SP.DYN.LE00.IN',1984,76.2953658536586),('ESP','SP.DYN.LE00.IN',1985,76.259512195122),('ESP','SP.DYN.LE00.IN',1986,76.5104878048781),('ESP','SP.DYN.LE00.IN',1987,76.7280487804878),('ESP','SP.DYN.LE00.IN',1988,76.74707317073171),('ESP','SP.DYN.LE00.IN',1989,76.81365853658541),('ESP','SP.DYN.LE00.IN',1990,76.8375609756098),('ESP','SP.DYN.LE00.IN',1991,76.97121951219509),('ESP','SP.DYN.LE00.IN',1992,77.41),('ESP','SP.DYN.LE00.IN',1993,77.5465853658537),('ESP','SP.DYN.LE00.IN',1994,77.9014634146342),('ESP','SP.DYN.LE00.IN',1995,77.98073170731709),('ESP','SP.DYN.LE00.IN',1996,78.1204878048781),('ESP','SP.DYN.LE00.IN',1997,78.6041463414634),('ESP','SP.DYN.LE00.IN',1998,78.66585365853659),('ESP','SP.DYN.LE00.IN',1999,78.71707317073171),('ESP','SP.DYN.LE00.IN',2000,78.9658536585366),('ESP','SP.DYN.LE00.IN',2001,79.36829268292679),('ESP','SP.DYN.LE00.IN',2002,79.5682926829268),('ESP','SP.DYN.LE00.IN',2003,79.619512195122),('ESP','SP.DYN.LE00.IN',2004,79.87073170731709),('ESP','SP.DYN.LE00.IN',2005,80.17073170731709),('ESP','SP.DYN.LE00.IN',2006,80.8219512195122),('ESP','SP.DYN.LE00.IN',2007,80.87317073170729),('ESP','SP.DYN.LE00.IN',2008,81.1756097560976),('ESP','SP.DYN.LE00.IN',2009,81.4756097560976),('ESP','SP.DYN.LE00.IN',2010,81.62682926829271),('ESP','SP.DYN.LE00.IN',2011,82.4756097560976),('ESP','SP.DYN.LE00.IN',2012,82.4268292682927),('ESP','SP.DYN.LE00.IN',2013,83.07804878048779),('ESP','SP.DYN.LE00.IN',2014,83.2292682926829),('ESP','SP.DYN.LE00.IN',2015,82.8317073170732),('ESP','SP.DYN.LE00.IN',2016,83.32926829268291),('ESP','SP.DYN.LE00.IN',2017,83.32926829268291),('ESP','SP.DYN.TFRT.IN',1960,2.86),('ESP','SP.DYN.TFRT.IN',1961,2.77),('ESP','SP.DYN.TFRT.IN',1962,2.8),('ESP','SP.DYN.TFRT.IN',1963,2.88),('ESP','SP.DYN.TFRT.IN',1964,3.01),('ESP','SP.DYN.TFRT.IN',1965,2.94),('ESP','SP.DYN.TFRT.IN',1966,2.91),('ESP','SP.DYN.TFRT.IN',1967,2.94),('ESP','SP.DYN.TFRT.IN',1968,2.87),('ESP','SP.DYN.TFRT.IN',1969,2.86),('ESP','SP.DYN.TFRT.IN',1970,2.84),('ESP','SP.DYN.TFRT.IN',1971,2.9),('ESP','SP.DYN.TFRT.IN',1972,2.87),('ESP','SP.DYN.TFRT.IN',1973,2.84),('ESP','SP.DYN.TFRT.IN',1974,2.88),('ESP','SP.DYN.TFRT.IN',1975,2.77),('ESP','SP.DYN.TFRT.IN',1976,2.77),('ESP','SP.DYN.TFRT.IN',1977,2.65),('ESP','SP.DYN.TFRT.IN',1978,2.54),('ESP','SP.DYN.TFRT.IN',1979,2.37),('ESP','SP.DYN.TFRT.IN',1980,2.22),('ESP','SP.DYN.TFRT.IN',1981,2.04),('ESP','SP.DYN.TFRT.IN',1982,1.94),('ESP','SP.DYN.TFRT.IN',1983,1.8),('ESP','SP.DYN.TFRT.IN',1984,1.73),('ESP','SP.DYN.TFRT.IN',1985,1.64),('ESP','SP.DYN.TFRT.IN',1986,1.56),('ESP','SP.DYN.TFRT.IN',1987,1.49),('ESP','SP.DYN.TFRT.IN',1988,1.45),('ESP','SP.DYN.TFRT.IN',1989,1.4),('ESP','SP.DYN.TFRT.IN',1990,1.36),('ESP','SP.DYN.TFRT.IN',1991,1.33),('ESP','SP.DYN.TFRT.IN',1992,1.31),('ESP','SP.DYN.TFRT.IN',1993,1.26),('ESP','SP.DYN.TFRT.IN',1994,1.19),('ESP','SP.DYN.TFRT.IN',1995,1.16),('ESP','SP.DYN.TFRT.IN',1996,1.14),('ESP','SP.DYN.TFRT.IN',1997,1.15),('ESP','SP.DYN.TFRT.IN',1998,1.13),('ESP','SP.DYN.TFRT.IN',1999,1.17),('ESP','SP.DYN.TFRT.IN',2000,1.22),('ESP','SP.DYN.TFRT.IN',2001,1.23),('ESP','SP.DYN.TFRT.IN',2002,1.25),('ESP','SP.DYN.TFRT.IN',2003,1.3),('ESP','SP.DYN.TFRT.IN',2004,1.31),('ESP','SP.DYN.TFRT.IN',2005,1.33),('ESP','SP.DYN.TFRT.IN',2006,1.36),('ESP','SP.DYN.TFRT.IN',2007,1.38),('ESP','SP.DYN.TFRT.IN',2008,1.45),('ESP','SP.DYN.TFRT.IN',2009,1.38),('ESP','SP.DYN.TFRT.IN',2010,1.37),('ESP','SP.DYN.TFRT.IN',2011,1.34),('ESP','SP.DYN.TFRT.IN',2012,1.32),('ESP','SP.DYN.TFRT.IN',2013,1.27),('ESP','SP.DYN.TFRT.IN',2014,1.32),('ESP','SP.DYN.TFRT.IN',2015,1.33),('ESP','SP.DYN.TFRT.IN',2016,1.34),('ESP','SP.DYN.TFRT.IN',2017,1.34),('ESP','SP.POP.TOTL',1960,30455000),('ESP','SP.POP.TOTL',1961,30739250),('ESP','SP.POP.TOTL',1962,31023366),('ESP','SP.POP.TOTL',1963,31296651),('ESP','SP.POP.TOTL',1964,31609195),('ESP','SP.POP.TOTL',1965,31954292),('ESP','SP.POP.TOTL',1966,32283194),('ESP','SP.POP.TOTL',1967,32682947),('ESP','SP.POP.TOTL',1968,33113134),('ESP','SP.POP.TOTL',1969,33441054),('ESP','SP.POP.TOTL',1970,33814531),('ESP','SP.POP.TOTL',1971,34224490),('ESP','SP.POP.TOTL',1972,34604469),('ESP','SP.POP.TOTL',1973,34988947),('ESP','SP.POP.TOTL',1974,35373335),('ESP','SP.POP.TOTL',1975,35757900),('ESP','SP.POP.TOTL',1976,36137812),('ESP','SP.POP.TOTL',1977,36511638),('ESP','SP.POP.TOTL',1978,36864898),('ESP','SP.POP.TOTL',1979,37191330),('ESP','SP.POP.TOTL',1980,37491165),('ESP','SP.POP.TOTL',1981,37758631),('ESP','SP.POP.TOTL',1982,37986012),('ESP','SP.POP.TOTL',1983,38171525),('ESP','SP.POP.TOTL',1984,38330364),('ESP','SP.POP.TOTL',1985,38469512),('ESP','SP.POP.TOTL',1986,38584624),('ESP','SP.POP.TOTL',1987,38684815),('ESP','SP.POP.TOTL',1988,38766939),('ESP','SP.POP.TOTL',1989,38827764),('ESP','SP.POP.TOTL',1990,38867322),('ESP','SP.POP.TOTL',1991,38966376),('ESP','SP.POP.TOTL',1992,39157685),('ESP','SP.POP.TOTL',1993,39361262),('ESP','SP.POP.TOTL',1994,39549108),('ESP','SP.POP.TOTL',1995,39724050),('ESP','SP.POP.TOTL',1996,39889852),('ESP','SP.POP.TOTL',1997,40057389),('ESP','SP.POP.TOTL',1998,40223509),('ESP','SP.POP.TOTL',1999,40386875),('ESP','SP.POP.TOTL',2000,40567864),('ESP','SP.POP.TOTL',2001,40850412),('ESP','SP.POP.TOTL',2002,41431558),('ESP','SP.POP.TOTL',2003,42187645),('ESP','SP.POP.TOTL',2004,42921895),('ESP','SP.POP.TOTL',2005,43653155),('ESP','SP.POP.TOTL',2006,44397319),('ESP','SP.POP.TOTL',2007,45226803),('ESP','SP.POP.TOTL',2008,45954106),('ESP','SP.POP.TOTL',2009,46362946),('ESP','SP.POP.TOTL',2010,46576897),('ESP','SP.POP.TOTL',2011,46742697),('ESP','SP.POP.TOTL',2012,46773055),('ESP','SP.POP.TOTL',2013,46620045),('ESP','SP.POP.TOTL',2014,46480882),('ESP','SP.POP.TOTL',2015,46444832),('ESP','SP.POP.TOTL',2016,46483569),('ESP','SP.POP.TOTL',2017,46593236),('ESP','SP.POP.TOTL',2018,46723749),('GBR','EN.ATM.CO2E.PC',1960,11.1507591603053),('GBR','EN.ATM.CO2E.PC',1961,11.1541389204545),('GBR','EN.ATM.CO2E.PC',1962,11.1429283943662),('GBR','EN.ATM.CO2E.PC',1963,11.254853457595502),('GBR','EN.ATM.CO2E.PC',1964,11.2658388888889),('GBR','EN.ATM.CO2E.PC',1965,11.4561595126228),('GBR','EN.ATM.CO2E.PC',1966,11.3189607765995),('GBR','EN.ATM.CO2E.PC',1967,10.7841045544886),('GBR','EN.ATM.CO2E.PC',1968,10.993488228038599),('GBR','EN.ATM.CO2E.PC',1969,11.3426704063274),('GBR','EN.ATM.CO2E.PC',1970,11.732397299834304),('GBR','EN.ATM.CO2E.PC',1971,11.8230362899475),('GBR','EN.ATM.CO2E.PC',1972,11.562354178350699),('GBR','EN.ATM.CO2E.PC',1973,11.745526944287699),('GBR','EN.ATM.CO2E.PC',1974,10.983592860989098),('GBR','EN.ATM.CO2E.PC',1975,10.7360536444124),('GBR','EN.ATM.CO2E.PC',1976,10.654542018525301),('GBR','EN.ATM.CO2E.PC',1977,10.7618685096132),('GBR','EN.ATM.CO2E.PC',1978,10.767294990449901),('GBR','EN.ATM.CO2E.PC',1979,11.4653910395961),('GBR','EN.ATM.CO2E.PC',1980,10.286757041951901),('GBR','EN.ATM.CO2E.PC',1981,9.955296647774473),('GBR','EN.ATM.CO2E.PC',1982,9.74046165830407),('GBR','EN.ATM.CO2E.PC',1983,9.687798404937741),('GBR','EN.ATM.CO2E.PC',1984,9.381702908748188),('GBR','EN.ATM.CO2E.PC',1985,9.90013978359926),('GBR','EN.ATM.CO2E.PC',1986,10.034639390321301),('GBR','EN.ATM.CO2E.PC',1987,10.0677466746359),('GBR','EN.ATM.CO2E.PC',1988,10.020743961086401),('GBR','EN.ATM.CO2E.PC',1989,10.191930628238199),('GBR','EN.ATM.CO2E.PC',1990,9.710881678050141),('GBR','EN.ATM.CO2E.PC',1991,9.87080903253514),('GBR','EN.ATM.CO2E.PC',1992,9.66092999836993),('GBR','EN.ATM.CO2E.PC',1993,9.45469582828167),('GBR','EN.ATM.CO2E.PC',1994,9.448399895309393),('GBR','EN.ATM.CO2E.PC',1995,9.27484623579539),('GBR','EN.ATM.CO2E.PC',1996,9.48023105904642),('GBR','EN.ATM.CO2E.PC',1997,9.042720852670053),('GBR','EN.ATM.CO2E.PC',1998,9.09440391350297),('GBR','EN.ATM.CO2E.PC',1999,9.0476360690091),('GBR','EN.ATM.CO2E.PC',2000,9.19954923303155),('GBR','EN.ATM.CO2E.PC',2001,9.23317498728384),('GBR','EN.ATM.CO2E.PC',2002,8.90412310805173),('GBR','EN.ATM.CO2E.PC',2003,9.05327783893049),('GBR','EN.ATM.CO2E.PC',2004,8.98914012749737),('GBR','EN.ATM.CO2E.PC',2005,8.98293853602857),('GBR','EN.ATM.CO2E.PC',2006,8.89871022018899),('GBR','EN.ATM.CO2E.PC',2007,8.61716368111307),('GBR','EN.ATM.CO2E.PC',2008,8.42442398307829),('GBR','EN.ATM.CO2E.PC',2009,7.57462213135116),('GBR','EN.ATM.CO2E.PC',2010,7.85783648614987),('GBR','EN.ATM.CO2E.PC',2011,7.0792976256723215),('GBR','EN.ATM.CO2E.PC',2012,7.35589827677421),('GBR','EN.ATM.CO2E.PC',2013,7.145844358769572),('GBR','EN.ATM.CO2E.PC',2014,6.49744049045117),('GBR','NE.EXP.GNFS.ZS',1970,21.7920412848249),('GBR','NE.EXP.GNFS.ZS',1971,21.874720506079502),('GBR','NE.EXP.GNFS.ZS',1972,20.62013312957361),('GBR','NE.EXP.GNFS.ZS',1973,22.4318800417335),('GBR','NE.EXP.GNFS.ZS',1974,26.8020871369765),('GBR','NE.EXP.GNFS.ZS',1975,25.3841253180079),('GBR','NE.EXP.GNFS.ZS',1976,27.992453843182698),('GBR','NE.EXP.GNFS.ZS',1977,29.650493913112697),('GBR','NE.EXP.GNFS.ZS',1978,27.9938376255259),('GBR','NE.EXP.GNFS.ZS',1979,27.360743585166894),('GBR','NE.EXP.GNFS.ZS',1980,26.5989711925692),('GBR','NE.EXP.GNFS.ZS',1981,25.963466376795395),('GBR','NE.EXP.GNFS.ZS',1982,25.616470791753397),('GBR','NE.EXP.GNFS.ZS',1983,25.745792025411703),('GBR','NE.EXP.GNFS.ZS',1984,27.5230305868925),('GBR','NE.EXP.GNFS.ZS',1985,27.87536578264709),('GBR','NE.EXP.GNFS.ZS',1986,24.827397681270998),('GBR','NE.EXP.GNFS.ZS',1987,24.3463175243714),('GBR','NE.EXP.GNFS.ZS',1988,21.925546415567798),('GBR','NE.EXP.GNFS.ZS',1989,22.390880475612196),('GBR','NE.EXP.GNFS.ZS',1990,23.071900651807),('GBR','NE.EXP.GNFS.ZS',1991,22.345928598105502),('GBR','NE.EXP.GNFS.ZS',1992,22.670278858027),('GBR','NE.EXP.GNFS.ZS',1993,24.557599663150306),('GBR','NE.EXP.GNFS.ZS',1994,25.7897769177505),('GBR','NE.EXP.GNFS.ZS',1995,25.5551294929672),('GBR','NE.EXP.GNFS.ZS',1996,26.150709014654304),('GBR','NE.EXP.GNFS.ZS',1997,25.550439206750106),('GBR','NE.EXP.GNFS.ZS',1998,24.169438383578896),('GBR','NE.EXP.GNFS.ZS',1999,23.924045885578398),('GBR','NE.EXP.GNFS.ZS',2000,25.1989000146945),('GBR','NE.EXP.GNFS.ZS',2001,25.0363543338666),('GBR','NE.EXP.GNFS.ZS',2002,24.1114361570333),('GBR','NE.EXP.GNFS.ZS',2003,23.856636399639306),('GBR','NE.EXP.GNFS.ZS',2004,23.712700586609802),('GBR','NE.EXP.GNFS.ZS',2005,24.973608331889),('GBR','NE.EXP.GNFS.ZS',2006,27.101075784973197),('GBR','NE.EXP.GNFS.ZS',2007,25.2397534941132),('GBR','NE.EXP.GNFS.ZS',2008,26.9894102322679),('GBR','NE.EXP.GNFS.ZS',2009,26.3730781880932),('GBR','NE.EXP.GNFS.ZS',2010,28.275071211110106),('GBR','NE.EXP.GNFS.ZS',2011,30.7000187976267),('GBR','NE.EXP.GNFS.ZS',2012,29.9751039670716),('GBR','NE.EXP.GNFS.ZS',2013,29.952601103524),('GBR','NE.EXP.GNFS.ZS',2014,28.50205481953461),('GBR','NE.EXP.GNFS.ZS',2015,27.651421882042605),('GBR','NE.EXP.GNFS.ZS',2016,28.439236895001198),('GBR','NE.EXP.GNFS.ZS',2017,30.3661254439058),('GBR','NE.EXP.GNFS.ZS',2018,30.006849577484797),('GBR','NE.IMP.GNFS.ZS',1970,20.97595232410789),('GBR','NE.IMP.GNFS.ZS',1971,20.538115675320398),('GBR','NE.IMP.GNFS.ZS',1972,20.7405429511858),('GBR','NE.IMP.GNFS.ZS',1973,24.7729756724432),('GBR','NE.IMP.GNFS.ZS',1974,31.650322851343198),('GBR','NE.IMP.GNFS.ZS',1975,27.100059300474),('GBR','NE.IMP.GNFS.ZS',1976,29.1256186172267),('GBR','NE.IMP.GNFS.ZS',1977,28.9593824925737),('GBR','NE.IMP.GNFS.ZS',1978,26.6875857915199),('GBR','NE.IMP.GNFS.ZS',1979,27.0035449339823),('GBR','NE.IMP.GNFS.ZS',1980,24.4224676980794),('GBR','NE.IMP.GNFS.ZS',1981,23.1453876656075),('GBR','NE.IMP.GNFS.ZS',1982,23.7189678916198),('GBR','NE.IMP.GNFS.ZS',1983,24.78833663053669),('GBR','NE.IMP.GNFS.ZS',1984,27.5871744017801),('GBR','NE.IMP.GNFS.ZS',1985,26.7732143653394),('GBR','NE.IMP.GNFS.ZS',1986,25.43171406567211),('GBR','NE.IMP.GNFS.ZS',1987,25.285172107508306),('GBR','NE.IMP.GNFS.ZS',1988,25.1984043262174),('GBR','NE.IMP.GNFS.ZS',1989,26.0448510887678),('GBR','NE.IMP.GNFS.ZS',1990,24.9286570955686),('GBR','NE.IMP.GNFS.ZS',1991,22.727825163666),('GBR','NE.IMP.GNFS.ZS',1992,23.3903633158278),('GBR','NE.IMP.GNFS.ZS',1993,24.9247305484829),('GBR','NE.IMP.GNFS.ZS',1994,25.817001943113),('GBR','NE.IMP.GNFS.ZS',1995,25.2825931998843),('GBR','NE.IMP.GNFS.ZS',1996,25.9826177052505),('GBR','NE.IMP.GNFS.ZS',1997,25.0520589949437),('GBR','NE.IMP.GNFS.ZS',1998,24.7867768528685),('GBR','NE.IMP.GNFS.ZS',1999,25.3116913214943),('GBR','NE.IMP.GNFS.ZS',2000,26.933028856816602),('GBR','NE.IMP.GNFS.ZS',2001,27.2372724727705),('GBR','NE.IMP.GNFS.ZS',2002,26.687194114569),('GBR','NE.IMP.GNFS.ZS',2003,26.0590676228693),('GBR','NE.IMP.GNFS.ZS',2004,26.261241334173693),('GBR','NE.IMP.GNFS.ZS',2005,27.3761453697483),('GBR','NE.IMP.GNFS.ZS',2006,29.154877915660702),('GBR','NE.IMP.GNFS.ZS',2007,27.219272419202),('GBR','NE.IMP.GNFS.ZS',2008,29.1406985586167),('GBR','NE.IMP.GNFS.ZS',2009,27.978764030931202),('GBR','NE.IMP.GNFS.ZS',2010,30.2714168623164),('GBR','NE.IMP.GNFS.ZS',2011,31.6048353279704),('GBR','NE.IMP.GNFS.ZS',2012,31.1473140842167),('GBR','NE.IMP.GNFS.ZS',2013,31.2292345754384),('GBR','NE.IMP.GNFS.ZS',2014,29.896335267491693),('GBR','NE.IMP.GNFS.ZS',2015,29.031674123165804),('GBR','NE.IMP.GNFS.ZS',2016,30.059048479087),('GBR','NE.IMP.GNFS.ZS',2017,31.579013422524),('GBR','NE.IMP.GNFS.ZS',2018,31.769657960321002),('GBR','NE.TRD.GNFS.ZS',1970,42.7679936089328),('GBR','NE.TRD.GNFS.ZS',1971,42.412836181399896),('GBR','NE.TRD.GNFS.ZS',1972,41.3606760807594),('GBR','NE.TRD.GNFS.ZS',1973,47.2048557141767),('GBR','NE.TRD.GNFS.ZS',1974,58.4524099883197),('GBR','NE.TRD.GNFS.ZS',1975,52.484184618482),('GBR','NE.TRD.GNFS.ZS',1976,57.1180724604094),('GBR','NE.TRD.GNFS.ZS',1977,58.6098764056864),('GBR','NE.TRD.GNFS.ZS',1978,54.68142341704579),('GBR','NE.TRD.GNFS.ZS',1979,54.3642885191492),('GBR','NE.TRD.GNFS.ZS',1980,51.02143889064861),('GBR','NE.TRD.GNFS.ZS',1981,49.108854042403),('GBR','NE.TRD.GNFS.ZS',1982,49.33543868337321),('GBR','NE.TRD.GNFS.ZS',1983,50.5341286559484),('GBR','NE.TRD.GNFS.ZS',1984,55.1102049886726),('GBR','NE.TRD.GNFS.ZS',1985,54.6485801479865),('GBR','NE.TRD.GNFS.ZS',1986,50.259111746943205),('GBR','NE.TRD.GNFS.ZS',1987,49.6314896318796),('GBR','NE.TRD.GNFS.ZS',1988,47.1239507417853),('GBR','NE.TRD.GNFS.ZS',1989,48.4357315643799),('GBR','NE.TRD.GNFS.ZS',1990,48.0005577473756),('GBR','NE.TRD.GNFS.ZS',1991,45.0737537617714),('GBR','NE.TRD.GNFS.ZS',1992,46.0606421738548),('GBR','NE.TRD.GNFS.ZS',1993,49.482330211633204),('GBR','NE.TRD.GNFS.ZS',1994,51.60677886086351),('GBR','NE.TRD.GNFS.ZS',1995,50.83772269285149),('GBR','NE.TRD.GNFS.ZS',1996,52.133326719904794),('GBR','NE.TRD.GNFS.ZS',1997,50.60249820169379),('GBR','NE.TRD.GNFS.ZS',1998,48.9562152364474),('GBR','NE.TRD.GNFS.ZS',1999,49.23573720707271),('GBR','NE.TRD.GNFS.ZS',2000,52.1319288715111),('GBR','NE.TRD.GNFS.ZS',2001,52.273626806637104),('GBR','NE.TRD.GNFS.ZS',2002,50.7986302716023),('GBR','NE.TRD.GNFS.ZS',2003,49.9157040225086),('GBR','NE.TRD.GNFS.ZS',2004,49.973941920783396),('GBR','NE.TRD.GNFS.ZS',2005,52.349753701637404),('GBR','NE.TRD.GNFS.ZS',2006,56.255953700633896),('GBR','NE.TRD.GNFS.ZS',2007,52.4590259133152),('GBR','NE.TRD.GNFS.ZS',2008,56.1301087908846),('GBR','NE.TRD.GNFS.ZS',2009,54.3518422190244),('GBR','NE.TRD.GNFS.ZS',2010,58.5464880734266),('GBR','NE.TRD.GNFS.ZS',2011,62.3048541255971),('GBR','NE.TRD.GNFS.ZS',2012,61.1224180512883),('GBR','NE.TRD.GNFS.ZS',2013,61.1818356789624),('GBR','NE.TRD.GNFS.ZS',2014,58.398390087026385),('GBR','NE.TRD.GNFS.ZS',2015,56.6830960052084),('GBR','NE.TRD.GNFS.ZS',2016,58.498285374088105),('GBR','NE.TRD.GNFS.ZS',2017,61.94513886642979),('GBR','NE.TRD.GNFS.ZS',2018,61.7765075378058),('GBR','NY.GDP.MKTP.KD.ZG',1961,2.67711894345372),('GBR','NY.GDP.MKTP.KD.ZG',1962,1.1029096492186998),('GBR','NY.GDP.MKTP.KD.ZG',1963,4.8743839976478),('GBR','NY.GDP.MKTP.KD.ZG',1964,5.5336593860234915),('GBR','NY.GDP.MKTP.KD.ZG',1965,2.14217654354569),('GBR','NY.GDP.MKTP.KD.ZG',1966,1.5731004140522302),('GBR','NY.GDP.MKTP.KD.ZG',1967,2.78647464167507),('GBR','NY.GDP.MKTP.KD.ZG',1968,5.441083437661152),('GBR','NY.GDP.MKTP.KD.ZG',1969,1.92409683469894),('GBR','NY.GDP.MKTP.KD.ZG',1970,2.71000543894044),('GBR','NY.GDP.MKTP.KD.ZG',1971,3.4843225236564304),('GBR','NY.GDP.MKTP.KD.ZG',1972,4.30195016604596),('GBR','NY.GDP.MKTP.KD.ZG',1973,6.50857706251466),('GBR','NY.GDP.MKTP.KD.ZG',1974,-2.4633943700299903),('GBR','NY.GDP.MKTP.KD.ZG',1975,-1.4802558861802302),('GBR','NY.GDP.MKTP.KD.ZG',1976,2.9093019260592),('GBR','NY.GDP.MKTP.KD.ZG',1977,2.4429105775488),('GBR','NY.GDP.MKTP.KD.ZG',1978,4.20221879514202),('GBR','NY.GDP.MKTP.KD.ZG',1979,3.74169292905238),('GBR','NY.GDP.MKTP.KD.ZG',1980,-2.02801133588324),('GBR','NY.GDP.MKTP.KD.ZG',1981,-0.771112367519422),('GBR','NY.GDP.MKTP.KD.ZG',1982,2.01034367326783),('GBR','NY.GDP.MKTP.KD.ZG',1983,4.22186555883744),('GBR','NY.GDP.MKTP.KD.ZG',1984,2.27631613950297),('GBR','NY.GDP.MKTP.KD.ZG',1985,4.195575904893061),('GBR','NY.GDP.MKTP.KD.ZG',1986,3.1405245441889305),('GBR','NY.GDP.MKTP.KD.ZG',1987,5.30072011251248),('GBR','NY.GDP.MKTP.KD.ZG',1988,5.7582497353917015),('GBR','NY.GDP.MKTP.KD.ZG',1989,2.56874767428347),('GBR','NY.GDP.MKTP.KD.ZG',1990,0.7393188529889301),('GBR','NY.GDP.MKTP.KD.ZG',1991,-1.08789863350766),('GBR','NY.GDP.MKTP.KD.ZG',1992,0.371025907382233),('GBR','NY.GDP.MKTP.KD.ZG',1993,2.5263469673436605),('GBR','NY.GDP.MKTP.KD.ZG',1994,3.8949585284536),('GBR','NY.GDP.MKTP.KD.ZG',1995,3.57160280544558),('GBR','NY.GDP.MKTP.KD.ZG',1996,2.4915331633181403),('GBR','NY.GDP.MKTP.KD.ZG',1997,3.85482995208896),('GBR','NY.GDP.MKTP.KD.ZG',1998,3.644853404705661),('GBR','NY.GDP.MKTP.KD.ZG',1999,3.42822335047983),('GBR','NY.GDP.MKTP.KD.ZG',2000,3.43747162195275),('GBR','NY.GDP.MKTP.KD.ZG',2001,2.97436368031538),('GBR','NY.GDP.MKTP.KD.ZG',2002,2.32435110202924),('GBR','NY.GDP.MKTP.KD.ZG',2003,3.28637757120269),('GBR','NY.GDP.MKTP.KD.ZG',2004,2.37395144077968),('GBR','NY.GDP.MKTP.KD.ZG',2005,3.1797289240596496),('GBR','NY.GDP.MKTP.KD.ZG',2006,2.78832455947308),('GBR','NY.GDP.MKTP.KD.ZG',2007,2.43055321242285),('GBR','NY.GDP.MKTP.KD.ZG',2008,-0.281153589519334),('GBR','NY.GDP.MKTP.KD.ZG',2009,-4.24782174662953),('GBR','NY.GDP.MKTP.KD.ZG',2010,1.94952148180782),('GBR','NY.GDP.MKTP.KD.ZG',2011,1.54014736820638),('GBR','NY.GDP.MKTP.KD.ZG',2012,1.4789239471568),('GBR','NY.GDP.MKTP.KD.ZG',2013,2.13948570108317),('GBR','NY.GDP.MKTP.KD.ZG',2014,2.6074759063105),('GBR','NY.GDP.MKTP.KD.ZG',2015,2.3555243059579904),('GBR','NY.GDP.MKTP.KD.ZG',2016,1.91815510596298),('GBR','NY.GDP.MKTP.KD.ZG',2017,1.89207703836381),('GBR','NY.GDP.MKTP.KD.ZG',2018,1.38567356958762),('GBR','NY.GDP.MKTP.KN',1960,511553311200),('GBR','NY.GDP.MKTP.KN',1961,525248201800),('GBR','NY.GDP.MKTP.KN',1962,531041214900),('GBR','NY.GDP.MKTP.KN',1963,556926202900),('GBR','NY.GDP.MKTP.KN',1964,587744602000),('GBR','NY.GDP.MKTP.KN',1965,600335129000),('GBR','NY.GDP.MKTP.KN',1966,609779003400),('GBR','NY.GDP.MKTP.KN',1967,626770340700),('GBR','NY.GDP.MKTP.KN',1968,660873437900),('GBR','NY.GDP.MKTP.KN',1969,673589282800),('GBR','NY.GDP.MKTP.KN',1970,691843589000),('GBR','NY.GDP.MKTP.KN',1971,715949651000),('GBR','NY.GDP.MKTP.KN',1972,746749448200),('GBR','NY.GDP.MKTP.KN',1973,795352211500),('GBR','NY.GDP.MKTP.KN',1974,775759549900),('GBR','NY.GDP.MKTP.KN',1975,764276323500),('GBR','NY.GDP.MKTP.KN',1976,786511429300),('GBR','NY.GDP.MKTP.KN',1977,805725200200),('GBR','NY.GDP.MKTP.KN',1978,839583536000),('GBR','NY.GDP.MKTP.KN',1979,870998173800),('GBR','NY.GDP.MKTP.KN',1980,853334232100),('GBR','NY.GDP.MKTP.KN',1981,846754066300),('GBR','NY.GDP.MKTP.KN',1982,863776733100),('GBR','NY.GDP.MKTP.KN',1983,900244225500),('GBR','NY.GDP.MKTP.KN',1984,920736630100),('GBR','NY.GDP.MKTP.KN',1985,959366834300),('GBR','NY.GDP.MKTP.KN',1986,989495985200),('GBR','NY.GDP.MKTP.KN',1987,1041946397900),('GBR','NY.GDP.MKTP.KN',1988,1101944273600),('GBR','NY.GDP.MKTP.KN',1989,1130250441500),('GBR','NY.GDP.MKTP.KN',1990,1138606596100),('GBR','NY.GDP.MKTP.KN',1991,1126219710500),('GBR','NY.GDP.MKTP.KN',1992,1130398277400),('GBR','NY.GDP.MKTP.KN',1993,1158956060000),('GBR','NY.GDP.MKTP.KN',1994,1204096917900),('GBR','NY.GDP.MKTP.KN',1995,1247102477200),('GBR','NY.GDP.MKTP.KN',1996,1278174449000),('GBR','NY.GDP.MKTP.KN',1997,1327445900500),('GBR','NY.GDP.MKTP.KN',1998,1375829357600),('GBR','NY.GDP.MKTP.KN',1999,1422995860900),('GBR','NY.GDP.MKTP.KN',2000,1471910939800),('GBR','NY.GDP.MKTP.KN',2001,1515690924200),('GBR','NY.GDP.MKTP.KN',2002,1550920902900),('GBR','NY.GDP.MKTP.KN',2003,1601890019600),('GBR','NY.GDP.MKTP.KN',2004,1639918110800),('GBR','NY.GDP.MKTP.KN',2005,1692063061300),('GBR','NY.GDP.MKTP.KN',2006,1739243271200),('GBR','NY.GDP.MKTP.KN',2007,1781516504400),('GBR','NY.GDP.MKTP.KN',2008,1776507706800),('GBR','NY.GDP.MKTP.KN',2009,1701044826100),('GBR','NY.GDP.MKTP.KN',2010,1734207060400),('GBR','NY.GDP.MKTP.KN',2011,1760916404800),('GBR','NY.GDP.MKTP.KN',2012,1786959019200),('GBR','NY.GDP.MKTP.KN',2013,1825190751900),('GBR','NY.GDP.MKTP.KN',2014,1872782161000),('GBR','NY.GDP.MKTP.KN',2015,1916896000000),('GBR','NY.GDP.MKTP.KN',2016,1953665038500),('GBR','NY.GDP.MKTP.KN',2017,1990629886100),('GBR','NY.GDP.MKTP.KN',2018,2018213518300),('GBR','NY.GDP.PCAP.KD.ZG',1961,1.8992619817608896),('GBR','NY.GDP.PCAP.KD.ZG',1962,0.24851886345067),('GBR','NY.GDP.PCAP.KD.ZG',1963,4.09246873951061),('GBR','NY.GDP.PCAP.KD.ZG',1964,4.84964492704),('GBR','NY.GDP.PCAP.KD.ZG',1965,1.48804848290725),('GBR','NY.GDP.PCAP.KD.ZG',1966,1.0146653605850602),('GBR','NY.GDP.PCAP.KD.ZG',1967,2.23441236933108),('GBR','NY.GDP.PCAP.KD.ZG',1968,4.929076843594389),('GBR','NY.GDP.PCAP.KD.ZG',1969,1.50117298260513),('GBR','NY.GDP.PCAP.KD.ZG',1970,2.3012929364415),('GBR','NY.GDP.PCAP.KD.ZG',1971,3.05300441704117),('GBR','NY.GDP.PCAP.KD.ZG',1972,3.9489054155643295),('GBR','NY.GDP.PCAP.KD.ZG',1973,6.30300306977769),('GBR','NY.GDP.PCAP.KD.ZG',1974,-2.52488079468608),('GBR','NY.GDP.PCAP.KD.ZG',1975,-1.47294213676392),('GBR','NY.GDP.PCAP.KD.ZG',1976,2.93462467341865),('GBR','NY.GDP.PCAP.KD.ZG',1977,2.47659304056127),('GBR','NY.GDP.PCAP.KD.ZG',1978,4.1966338021145),('GBR','NY.GDP.PCAP.KD.ZG',1979,3.64864864682646),('GBR','NY.GDP.PCAP.KD.ZG',1980,-2.14503482099208),('GBR','NY.GDP.PCAP.KD.ZG',1981,-0.8056595695769321),('GBR','NY.GDP.PCAP.KD.ZG',1982,2.04691358388816),('GBR','NY.GDP.PCAP.KD.ZG',1983,4.18633053011337),('GBR','NY.GDP.PCAP.KD.ZG',1984,2.11457975323145),('GBR','NY.GDP.PCAP.KD.ZG',1985,3.95937090496798),('GBR','NY.GDP.PCAP.KD.ZG',1986,2.90191696468558),('GBR','NY.GDP.PCAP.KD.ZG',1987,5.07704943364693),('GBR','NY.GDP.PCAP.KD.ZG',1988,5.5236594144459294),('GBR','NY.GDP.PCAP.KD.ZG',1989,2.30209669197825),('GBR','NY.GDP.PCAP.KD.ZG',1990,0.438627901426258),('GBR','NY.GDP.PCAP.KD.ZG',1991,-1.39330977957196),('GBR','NY.GDP.PCAP.KD.ZG',1992,0.0999580467631205),('GBR','NY.GDP.PCAP.KD.ZG',1993,2.28083914092478),('GBR','NY.GDP.PCAP.KD.ZG',1994,3.63079241181154),('GBR','NY.GDP.PCAP.KD.ZG',1995,3.2979689109107406),('GBR','NY.GDP.PCAP.KD.ZG',1996,2.23089464633352),('GBR','NY.GDP.PCAP.KD.ZG',1997,3.5876925444642),('GBR','NY.GDP.PCAP.KD.ZG',1998,3.3432656306274904),('GBR','NY.GDP.PCAP.KD.ZG',1999,3.08396178304788),('GBR','NY.GDP.PCAP.KD.ZG',2000,3.06854809392598),('GBR','NY.GDP.PCAP.KD.ZG',2001,2.57869922054653),('GBR','NY.GDP.PCAP.KD.ZG',2002,1.89208978908792),('GBR','NY.GDP.PCAP.KD.ZG',2003,2.80655173264054),('GBR','NY.GDP.PCAP.KD.ZG',2004,1.7931556595978302),('GBR','NY.GDP.PCAP.KD.ZG',2005,2.4737118100297795),('GBR','NY.GDP.PCAP.KD.ZG',2006,2.03555035598562),('GBR','NY.GDP.PCAP.KD.ZG',2007,1.63605845082763),('GBR','NY.GDP.PCAP.KD.ZG',2008,-1.06289313354608),('GBR','NY.GDP.PCAP.KD.ZG',2009,-4.9693502429548495),('GBR','NY.GDP.PCAP.KD.ZG',2010,1.1534748933105),('GBR','NY.GDP.PCAP.KD.ZG',2011,0.7495251794637451),('GBR','NY.GDP.PCAP.KD.ZG',2012,0.7757723072172099),('GBR','NY.GDP.PCAP.KD.ZG',2013,1.4579115443597002),('GBR','NY.GDP.PCAP.KD.ZG',2014,1.8373873713874096),('GBR','NY.GDP.PCAP.KD.ZG',2015,1.54505648217543),('GBR','NY.GDP.PCAP.KD.ZG',2016,1.19302055364112),('GBR','NY.GDP.PCAP.KD.ZG',2017,1.1774720837216102),('GBR','NY.GDP.PCAP.KD.ZG',2018,0.729787205725756),('GBR','NY.GDY.TOTL.KN',1970,683921318376.414),('GBR','NY.GDY.TOTL.KN',1971,708435361092.029),('GBR','NY.GDY.TOTL.KN',1972,740569070197.975),('GBR','NY.GDY.TOTL.KN',1973,777917496972.933),('GBR','NY.GDY.TOTL.KN',1974,744677708360.535),('GBR','NY.GDY.TOTL.KN',1975,739827441279.978),('GBR','NY.GDY.TOTL.KN',1976,758702481927.2759),('GBR','NY.GDY.TOTL.KN',1977,777727123533.22),('GBR','NY.GDY.TOTL.KN',1978,815936143449.3091),('GBR','NY.GDY.TOTL.KN',1979,848962303839.0441),('GBR','NY.GDY.TOTL.KN',1980,836322390519.197),('GBR','NY.GDY.TOTL.KN',1981,830689915679.631),('GBR','NY.GDY.TOTL.KN',1982,847420405534.6559),('GBR','NY.GDY.TOTL.KN',1983,884169441397.695),('GBR','NY.GDY.TOTL.KN',1984,901982871895.316),('GBR','NY.GDY.TOTL.KN',1985,941109974231.468),('GBR','NY.GDY.TOTL.KN',1986,964527611960.98),('GBR','NY.GDY.TOTL.KN',1987,1016343848684.75),('GBR','NY.GDY.TOTL.KN',1988,1078309368999.55),('GBR','NY.GDY.TOTL.KN',1989,1108121725612.23),('GBR','NY.GDY.TOTL.KN',1990,1120479348647.27),('GBR','NY.GDY.TOTL.KN',1991,1110726046449.69),('GBR','NY.GDY.TOTL.KN',1992,1115601267666.28),('GBR','NY.GDY.TOTL.KN',1993,1144452888359.26),('GBR','NY.GDY.TOTL.KN',1994,1184406045122.21),('GBR','NY.GDY.TOTL.KN',1995,1219541856464.55),('GBR','NY.GDY.TOTL.KN',1996,1252595197182.43),('GBR','NY.GDY.TOTL.KN',1997,1301841013680.4),('GBR','NY.GDY.TOTL.KN',1998,1349298897993.27),('GBR','NY.GDY.TOTL.KN',1999,1399195118585.32),('GBR','NY.GDY.TOTL.KN',2000,1444145871097.48),('GBR','NY.GDY.TOTL.KN',2001,1493602645457.34),('GBR','NY.GDY.TOTL.KN',2002,1536087104565.89),('GBR','NY.GDY.TOTL.KN',2003,1591173382997.27),('GBR','NY.GDY.TOTL.KN',2004,1630870537464.58),('GBR','NY.GDY.TOTL.KN',2005,1682450454177.82),('GBR','NY.GDY.TOTL.KN',2006,1727283358594.76),('GBR','NY.GDY.TOTL.KN',2007,1764468990824.45),('GBR','NY.GDY.TOTL.KN',2008,1744184363824.53),('GBR','NY.GDY.TOTL.KN',2009,1678630341025.86),('GBR','NY.GDY.TOTL.KN',2010,1715947644767.2),('GBR','NY.GDY.TOTL.KN',2011,1733918239038.46),('GBR','NY.GDY.TOTL.KN',2012,1761331668934.2),('GBR','NY.GDY.TOTL.KN',2013,1808351243647.71),('GBR','NY.GDY.TOTL.KN',2014,1865351718301.94),('GBR','NY.GDY.TOTL.KN',2015,1916896000000),('GBR','NY.GDY.TOTL.KN',2016,1958769649950.57),('GBR','NY.GDY.TOTL.KN',2017,1991077090365.34),('GBR','NY.GDY.TOTL.KN',2018,2017436765202.83),('GBR','SP.DYN.LE00.IN',1960,71.12682926829271),('GBR','SP.DYN.LE00.IN',1961,70.87804878048779),('GBR','SP.DYN.LE00.IN',1962,70.9268292682927),('GBR','SP.DYN.LE00.IN',1963,70.8268292682927),('GBR','SP.DYN.LE00.IN',1964,71.62439024390241),('GBR','SP.DYN.LE00.IN',1965,71.62439024390241),('GBR','SP.DYN.LE00.IN',1966,71.5731707317073),('GBR','SP.DYN.LE00.IN',1967,72.12439024390241),('GBR','SP.DYN.LE00.IN',1968,71.7243902439025),('GBR','SP.DYN.LE00.IN',1969,71.7219512195122),('GBR','SP.DYN.LE00.IN',1970,71.9731707317073),('GBR','SP.DYN.LE00.IN',1971,72.2731707317073),('GBR','SP.DYN.LE00.IN',1972,72.12439024390241),('GBR','SP.DYN.LE00.IN',1973,72.3243902439024),('GBR','SP.DYN.LE00.IN',1974,72.5243902439024),('GBR','SP.DYN.LE00.IN',1975,72.7243902439024),('GBR','SP.DYN.LE00.IN',1976,72.7756097560976),('GBR','SP.DYN.LE00.IN',1977,73.2243902439024),('GBR','SP.DYN.LE00.IN',1978,73.1756097560976),('GBR','SP.DYN.LE00.IN',1979,73.2756097560976),('GBR','SP.DYN.LE00.IN',1980,73.6756097560976),('GBR','SP.DYN.LE00.IN',1981,74.0268292682927),('GBR','SP.DYN.LE00.IN',1982,74.1780487804878),('GBR','SP.DYN.LE00.IN',1983,74.37804878048779),('GBR','SP.DYN.LE00.IN',1984,74.7780487804878),('GBR','SP.DYN.LE00.IN',1985,74.62926829268291),('GBR','SP.DYN.LE00.IN',1986,74.9292682926829),('GBR','SP.DYN.LE00.IN',1987,75.28048780487799),('GBR','SP.DYN.LE00.IN',1988,75.38048780487809),('GBR','SP.DYN.LE00.IN',1989,75.58292682926829),('GBR','SP.DYN.LE00.IN',1990,75.88048780487809),('GBR','SP.DYN.LE00.IN',1991,76.08292682926829),('GBR','SP.DYN.LE00.IN',1992,76.4341463414634),('GBR','SP.DYN.LE00.IN',1993,76.3853658536585),('GBR','SP.DYN.LE00.IN',1994,76.8853658536585),('GBR','SP.DYN.LE00.IN',1995,76.83658536585371),('GBR','SP.DYN.LE00.IN',1996,77.0878048780488),('GBR','SP.DYN.LE00.IN',1997,77.2109756097561),('GBR','SP.DYN.LE00.IN',1998,77.19024390243901),('GBR','SP.DYN.LE00.IN',1999,77.390243902439),('GBR','SP.DYN.LE00.IN',2000,77.7414634146342),('GBR','SP.DYN.LE00.IN',2001,77.9926829268293),('GBR','SP.DYN.LE00.IN',2002,78.14390243902442),('GBR','SP.DYN.LE00.IN',2003,78.4463414634146),('GBR','SP.DYN.LE00.IN',2004,78.7463414634146),('GBR','SP.DYN.LE00.IN',2005,79.0487804878049),('GBR','SP.DYN.LE00.IN',2006,79.24878048780491),('GBR','SP.DYN.LE00.IN',2007,79.44878048780491),('GBR','SP.DYN.LE00.IN',2008,79.6),('GBR','SP.DYN.LE00.IN',2009,80.05121951219509),('GBR','SP.DYN.LE00.IN',2010,80.4024390243902),('GBR','SP.DYN.LE00.IN',2011,80.9512195121951),('GBR','SP.DYN.LE00.IN',2012,80.9048780487805),('GBR','SP.DYN.LE00.IN',2013,81.0048780487805),('GBR','SP.DYN.LE00.IN',2014,81.3048780487805),('GBR','SP.DYN.LE00.IN',2015,80.95609756097559),('GBR','SP.DYN.LE00.IN',2016,81.1560975609756),('GBR','SP.DYN.LE00.IN',2017,81.1560975609756),('GBR','SP.DYN.TFRT.IN',1960,2.69),('GBR','SP.DYN.TFRT.IN',1961,2.78),('GBR','SP.DYN.TFRT.IN',1962,2.86),('GBR','SP.DYN.TFRT.IN',1963,2.88),('GBR','SP.DYN.TFRT.IN',1964,2.93),('GBR','SP.DYN.TFRT.IN',1965,2.86),('GBR','SP.DYN.TFRT.IN',1966,2.78),('GBR','SP.DYN.TFRT.IN',1967,2.68),('GBR','SP.DYN.TFRT.IN',1968,2.6),('GBR','SP.DYN.TFRT.IN',1969,2.51),('GBR','SP.DYN.TFRT.IN',1970,2.44),('GBR','SP.DYN.TFRT.IN',1971,2.41),('GBR','SP.DYN.TFRT.IN',1972,2.2),('GBR','SP.DYN.TFRT.IN',1973,2.04),('GBR','SP.DYN.TFRT.IN',1974,1.92),('GBR','SP.DYN.TFRT.IN',1975,1.81),('GBR','SP.DYN.TFRT.IN',1976,1.74),('GBR','SP.DYN.TFRT.IN',1977,1.69),('GBR','SP.DYN.TFRT.IN',1978,1.75),('GBR','SP.DYN.TFRT.IN',1979,1.86),('GBR','SP.DYN.TFRT.IN',1980,1.9),('GBR','SP.DYN.TFRT.IN',1981,1.82),('GBR','SP.DYN.TFRT.IN',1982,1.78),('GBR','SP.DYN.TFRT.IN',1983,1.77),('GBR','SP.DYN.TFRT.IN',1984,1.77),('GBR','SP.DYN.TFRT.IN',1985,1.79),('GBR','SP.DYN.TFRT.IN',1986,1.78),('GBR','SP.DYN.TFRT.IN',1987,1.81),('GBR','SP.DYN.TFRT.IN',1988,1.82),('GBR','SP.DYN.TFRT.IN',1989,1.79),('GBR','SP.DYN.TFRT.IN',1990,1.83),('GBR','SP.DYN.TFRT.IN',1991,1.82),('GBR','SP.DYN.TFRT.IN',1992,1.79),('GBR','SP.DYN.TFRT.IN',1993,1.76),('GBR','SP.DYN.TFRT.IN',1994,1.74),('GBR','SP.DYN.TFRT.IN',1995,1.71),('GBR','SP.DYN.TFRT.IN',1996,1.73),('GBR','SP.DYN.TFRT.IN',1997,1.72),('GBR','SP.DYN.TFRT.IN',1998,1.71),('GBR','SP.DYN.TFRT.IN',1999,1.68),('GBR','SP.DYN.TFRT.IN',2000,1.64),('GBR','SP.DYN.TFRT.IN',2001,1.63),('GBR','SP.DYN.TFRT.IN',2002,1.63),('GBR','SP.DYN.TFRT.IN',2003,1.7),('GBR','SP.DYN.TFRT.IN',2004,1.75),('GBR','SP.DYN.TFRT.IN',2005,1.76),('GBR','SP.DYN.TFRT.IN',2006,1.82),('GBR','SP.DYN.TFRT.IN',2007,1.86),('GBR','SP.DYN.TFRT.IN',2008,1.91),('GBR','SP.DYN.TFRT.IN',2009,1.89),('GBR','SP.DYN.TFRT.IN',2010,1.92),('GBR','SP.DYN.TFRT.IN',2011,1.91),('GBR','SP.DYN.TFRT.IN',2012,1.92),('GBR','SP.DYN.TFRT.IN',2013,1.83),('GBR','SP.DYN.TFRT.IN',2014,1.81),('GBR','SP.DYN.TFRT.IN',2015,1.8),('GBR','SP.DYN.TFRT.IN',2016,1.79),('GBR','SP.DYN.TFRT.IN',2017,1.79),('GBR','SP.POP.TOTL',1960,52400000),('GBR','SP.POP.TOTL',1961,52800000),('GBR','SP.POP.TOTL',1962,53250000),('GBR','SP.POP.TOTL',1963,53650000),('GBR','SP.POP.TOTL',1964,54000000),('GBR','SP.POP.TOTL',1965,54348050),('GBR','SP.POP.TOTL',1966,54648500),('GBR','SP.POP.TOTL',1967,54943600),('GBR','SP.POP.TOTL',1968,55211700),('GBR','SP.POP.TOTL',1969,55441750),('GBR','SP.POP.TOTL',1970,55663250),('GBR','SP.POP.TOTL',1971,55896223),('GBR','SP.POP.TOTL',1972,56086065),('GBR','SP.POP.TOTL',1973,56194527),('GBR','SP.POP.TOTL',1974,56229974),('GBR','SP.POP.TOTL',1975,56225800),('GBR','SP.POP.TOTL',1976,56211968),('GBR','SP.POP.TOTL',1977,56193492),('GBR','SP.POP.TOTL',1978,56196504),('GBR','SP.POP.TOTL',1979,56246951),('GBR','SP.POP.TOTL',1980,56314216),('GBR','SP.POP.TOTL',1981,56333829),('GBR','SP.POP.TOTL',1982,56313641),('GBR','SP.POP.TOTL',1983,56332848),('GBR','SP.POP.TOTL',1984,56422072),('GBR','SP.POP.TOTL',1985,56550268),('GBR','SP.POP.TOTL',1986,56681396),('GBR','SP.POP.TOTL',1987,56802050),('GBR','SP.POP.TOTL',1988,56928327),('GBR','SP.POP.TOTL',1989,57076711),('GBR','SP.POP.TOTL',1990,57247586),('GBR','SP.POP.TOTL',1991,57424897),('GBR','SP.POP.TOTL',1992,57580402),('GBR','SP.POP.TOTL',1993,57718614),('GBR','SP.POP.TOTL',1994,57865745),('GBR','SP.POP.TOTL',1995,58019030),('GBR','SP.POP.TOTL',1996,58166950),('GBR','SP.POP.TOTL',1997,58316954),('GBR','SP.POP.TOTL',1998,58487141),('GBR','SP.POP.TOTL',1999,58682466),('GBR','SP.POP.TOTL',2000,58892514),('GBR','SP.POP.TOTL',2001,59119673),('GBR','SP.POP.TOTL',2002,59370479),('GBR','SP.POP.TOTL',2003,59647577),('GBR','SP.POP.TOTL',2004,59987905),('GBR','SP.POP.TOTL',2005,60401206),('GBR','SP.POP.TOTL',2006,60846820),('GBR','SP.POP.TOTL',2007,61322463),('GBR','SP.POP.TOTL',2008,61806995),('GBR','SP.POP.TOTL',2009,62276270),('GBR','SP.POP.TOTL',2010,62766365),('GBR','SP.POP.TOTL',2011,63258918),('GBR','SP.POP.TOTL',2012,63700300),('GBR','SP.POP.TOTL',2013,64128226),('GBR','SP.POP.TOTL',2014,64613160),('GBR','SP.POP.TOTL',2015,65128861),('GBR','SP.POP.TOTL',2016,65595565),('GBR','SP.POP.TOTL',2017,66058859),('GBR','SP.POP.TOTL',2018,66488991),('GRC','EN.ATM.CO2E.PC',1960,1.12892048165296),('GRC','EN.ATM.CO2E.PC',1961,1.1697826281101),('GRC','EN.ATM.CO2E.PC',1962,1.20320119011869),('GRC','EN.ATM.CO2E.PC',1963,1.4456748971800102),('GRC','EN.ATM.CO2E.PC',1964,1.5537644459521398),('GRC','EN.ATM.CO2E.PC',1965,1.99125355702521),('GRC','EN.ATM.CO2E.PC',1966,2.16520985120015),('GRC','EN.ATM.CO2E.PC',1967,2.24941398567126),('GRC','EN.ATM.CO2E.PC',1968,2.55366995909397),('GRC','EN.ATM.CO2E.PC',1969,2.90383384301686),('GRC','EN.ATM.CO2E.PC',1970,2.7483297140867204),('GRC','EN.ATM.CO2E.PC',1971,3.1495959250987102),('GRC','EN.ATM.CO2E.PC',1972,3.55205212772995),('GRC','EN.ATM.CO2E.PC',1973,4.172512169778631),('GRC','EN.ATM.CO2E.PC',1974,4.04138251390144),('GRC','EN.ATM.CO2E.PC',1975,4.29709731045269),('GRC','EN.ATM.CO2E.PC',1976,4.6702800890277185),('GRC','EN.ATM.CO2E.PC',1977,5.0491534653513215),('GRC','EN.ATM.CO2E.PC',1978,5.098824289692031),('GRC','EN.ATM.CO2E.PC',1979,5.37207896979742),('GRC','EN.ATM.CO2E.PC',1980,5.33364255450218),('GRC','EN.ATM.CO2E.PC',1981,5.21329215209649),('GRC','EN.ATM.CO2E.PC',1982,5.32696641804347),('GRC','EN.ATM.CO2E.PC',1983,5.640921403847232),('GRC','EN.ATM.CO2E.PC',1984,5.76556187821481),('GRC','EN.ATM.CO2E.PC',1985,6.1001622660882),('GRC','EN.ATM.CO2E.PC',1986,5.93248834955168),('GRC','EN.ATM.CO2E.PC',1987,6.34683266345652),('GRC','EN.ATM.CO2E.PC',1988,6.7739326648256695),('GRC','EN.ATM.CO2E.PC',1989,7.35253726201244),('GRC','EN.ATM.CO2E.PC',1990,7.28452164170849),('GRC','EN.ATM.CO2E.PC',1991,7.17663981537854),('GRC','EN.ATM.CO2E.PC',1992,7.260257729039191),('GRC','EN.ATM.CO2E.PC',1993,7.23800623589026),('GRC','EN.ATM.CO2E.PC',1994,7.41079235630208),('GRC','EN.ATM.CO2E.PC',1995,7.45887964319396),('GRC','EN.ATM.CO2E.PC',1996,7.563654136188822),('GRC','EN.ATM.CO2E.PC',1997,7.8525069131141105),('GRC','EN.ATM.CO2E.PC',1998,8.18536787758865),('GRC','EN.ATM.CO2E.PC',1999,8.05045281887672),('GRC','EN.ATM.CO2E.PC',2000,8.47843382003456),('GRC','EN.ATM.CO2E.PC',2001,8.63601427417748),('GRC','EN.ATM.CO2E.PC',2002,8.59197018681489),('GRC','EN.ATM.CO2E.PC',2003,8.76074512699864),('GRC','EN.ATM.CO2E.PC',2004,8.867967194580151),('GRC','EN.ATM.CO2E.PC',2005,8.98083944811261),('GRC','EN.ATM.CO2E.PC',2006,8.82779621939824),('GRC','EN.ATM.CO2E.PC',2007,8.89229344181771),('GRC','EN.ATM.CO2E.PC',2008,8.66282428137396),('GRC','EN.ATM.CO2E.PC',2009,8.27789234499236),('GRC','EN.ATM.CO2E.PC',2010,7.54018386811447),('GRC','EN.ATM.CO2E.PC',2011,7.189762914547889),('GRC','EN.ATM.CO2E.PC',2012,7.24700735925025),('GRC','EN.ATM.CO2E.PC',2013,6.33661458954141),('GRC','EN.ATM.CO2E.PC',2014,6.18033726778447),('GRC','NE.EXP.GNFS.ZS',1960,9.903857868419287),('GRC','NE.EXP.GNFS.ZS',1961,9.48361416286503),('GRC','NE.EXP.GNFS.ZS',1962,8.350030416434981),('GRC','NE.EXP.GNFS.ZS',1963,9.07138303289599),('GRC','NE.EXP.GNFS.ZS',1964,7.64662716770438),('GRC','NE.EXP.GNFS.ZS',1965,7.6515725044925),('GRC','NE.EXP.GNFS.ZS',1966,9.34809400129507),('GRC','NE.EXP.GNFS.ZS',1967,8.994972043779711),('GRC','NE.EXP.GNFS.ZS',1968,7.987907618927232),('GRC','NE.EXP.GNFS.ZS',1969,7.69564440640838),('GRC','NE.EXP.GNFS.ZS',1970,7.88292633821839),('GRC','NE.EXP.GNFS.ZS',1971,8.1568631726586),('GRC','NE.EXP.GNFS.ZS',1972,9.129911436959858),('GRC','NE.EXP.GNFS.ZS',1973,11.6374962107904),('GRC','NE.EXP.GNFS.ZS',1974,14.2157058523389),('GRC','NE.EXP.GNFS.ZS',1975,14.1416562163341),('GRC','NE.EXP.GNFS.ZS',1976,14.0486788101933),('GRC','NE.EXP.GNFS.ZS',1977,13.9802280479761),('GRC','NE.EXP.GNFS.ZS',1978,13.6527311964461),('GRC','NE.EXP.GNFS.ZS',1979,15.173780857281999),('GRC','NE.EXP.GNFS.ZS',1980,19.324077397404),('GRC','NE.EXP.GNFS.ZS',1981,21.3894636084805),('GRC','NE.EXP.GNFS.ZS',1982,17.209102894937402),('GRC','NE.EXP.GNFS.ZS',1983,16.4761375265379),('GRC','NE.EXP.GNFS.ZS',1984,16.8009614993221),('GRC','NE.EXP.GNFS.ZS',1985,16.1337964903955),('GRC','NE.EXP.GNFS.ZS',1986,17.694521475311802),('GRC','NE.EXP.GNFS.ZS',1987,18.1240762959),('GRC','NE.EXP.GNFS.ZS',1988,16.3145789342959),('GRC','NE.EXP.GNFS.ZS',1989,15.9457521193263),('GRC','NE.EXP.GNFS.ZS',1990,14.7785889725068),('GRC','NE.EXP.GNFS.ZS',1991,14.1996393563677),('GRC','NE.EXP.GNFS.ZS',1992,14.878839338736501),('GRC','NE.EXP.GNFS.ZS',1993,14.0477673647043),('GRC','NE.EXP.GNFS.ZS',1994,14.4456091463048),('GRC','NE.EXP.GNFS.ZS',1995,14.4252834909638),('GRC','NE.EXP.GNFS.ZS',1996,14.286957269307699),('GRC','NE.EXP.GNFS.ZS',1997,16.222265242547902),('GRC','NE.EXP.GNFS.ZS',1998,16.2965833756753),('GRC','NE.EXP.GNFS.ZS',1999,19.2560788540331),('GRC','NE.EXP.GNFS.ZS',2000,23.7183809141659),('GRC','NE.EXP.GNFS.ZS',2001,22.788744320872997),('GRC','NE.EXP.GNFS.ZS',2002,20.112854446013397),('GRC','NE.EXP.GNFS.ZS',2003,18.5445830443658),('GRC','NE.EXP.GNFS.ZS',2004,20.7081145744875),('GRC','NE.EXP.GNFS.ZS',2005,21.3122304275532),('GRC','NE.EXP.GNFS.ZS',2006,21.1740087896788),('GRC','NE.EXP.GNFS.ZS',2007,22.5202697630197),('GRC','NE.EXP.GNFS.ZS',2008,23.3615691198983),('GRC','NE.EXP.GNFS.ZS',2009,18.982186696359697),('GRC','NE.EXP.GNFS.ZS',2010,22.1022051218367),('GRC','NE.EXP.GNFS.ZS',2011,25.53541592852389),('GRC','NE.EXP.GNFS.ZS',2012,28.6839940157939),('GRC','NE.EXP.GNFS.ZS',2013,30.3534285061372),('GRC','NE.EXP.GNFS.ZS',2014,32.3730407059617),('GRC','NE.EXP.GNFS.ZS',2015,31.5532707138237),('GRC','NE.EXP.GNFS.ZS',2016,30.0637459339879),('GRC','NE.EXP.GNFS.ZS',2017,32.9903963772026),('GRC','NE.EXP.GNFS.ZS',2018,36.1292311982958),('GRC','NE.IMP.GNFS.ZS',1960,14.5699018404426),('GRC','NE.IMP.GNFS.ZS',1961,14.1211303570844),('GRC','NE.IMP.GNFS.ZS',1962,14.7584856624421),('GRC','NE.IMP.GNFS.ZS',1963,15.272566902627599),('GRC','NE.IMP.GNFS.ZS',1964,16.718156324542697),('GRC','NE.IMP.GNFS.ZS',1965,17.019077155791),('GRC','NE.IMP.GNFS.ZS',1966,15.6206463560736),('GRC','NE.IMP.GNFS.ZS',1967,15.2281928011814),('GRC','NE.IMP.GNFS.ZS',1968,15.649259714804499),('GRC','NE.IMP.GNFS.ZS',1969,15.5988563495161),('GRC','NE.IMP.GNFS.ZS',1970,15.2270169562968),('GRC','NE.IMP.GNFS.ZS',1971,15.162336764728199),('GRC','NE.IMP.GNFS.ZS',1972,16.1877527298491),('GRC','NE.IMP.GNFS.ZS',1973,20.0928544943),('GRC','NE.IMP.GNFS.ZS',1974,21.2612009539225),('GRC','NE.IMP.GNFS.ZS',1975,21.181334497839803),('GRC','NE.IMP.GNFS.ZS',1976,20.830013434306),('GRC','NE.IMP.GNFS.ZS',1977,20.681355645459305),('GRC','NE.IMP.GNFS.ZS',1978,19.48386446790461),('GRC','NE.IMP.GNFS.ZS',1979,20.3584308541522),('GRC','NE.IMP.GNFS.ZS',1980,25.2617464036195),('GRC','NE.IMP.GNFS.ZS',1981,25.750871866098198),('GRC','NE.IMP.GNFS.ZS',1982,24.6424294872635),('GRC','NE.IMP.GNFS.ZS',1983,24.6994048669255),('GRC','NE.IMP.GNFS.ZS',1984,24.0975238803854),('GRC','NE.IMP.GNFS.ZS',1985,24.2541792151932),('GRC','NE.IMP.GNFS.ZS',1986,24.9575234805459),('GRC','NE.IMP.GNFS.ZS',1987,24.1942806610429),('GRC','NE.IMP.GNFS.ZS',1988,23.298655781852602),('GRC','NE.IMP.GNFS.ZS',1989,24.8381031890143),('GRC','NE.IMP.GNFS.ZS',1990,25.3497181549182),('GRC','NE.IMP.GNFS.ZS',1991,24.393147966572105),('GRC','NE.IMP.GNFS.ZS',1992,23.9437536024645),('GRC','NE.IMP.GNFS.ZS',1993,22.978131241553502),('GRC','NE.IMP.GNFS.ZS',1994,21.7175127471644),('GRC','NE.IMP.GNFS.ZS',1995,22.682597307442304),('GRC','NE.IMP.GNFS.ZS',1996,23.2092761701992),('GRC','NE.IMP.GNFS.ZS',1997,23.0519635059274),('GRC','NE.IMP.GNFS.ZS',1998,25.97169687445849),('GRC','NE.IMP.GNFS.ZS',1999,28.121519582544302),('GRC','NE.IMP.GNFS.ZS',2000,34.6972966265243),('GRC','NE.IMP.GNFS.ZS',2001,33.3512249469365),('GRC','NE.IMP.GNFS.ZS',2002,30.2361418115552),('GRC','NE.IMP.GNFS.ZS',2003,29.6454706731948),('GRC','NE.IMP.GNFS.ZS',2004,29.190327020864),('GRC','NE.IMP.GNFS.ZS',2005,29.5886336930166),('GRC','NE.IMP.GNFS.ZS',2006,31.6762298509885),('GRC','NE.IMP.GNFS.ZS',2007,35.0041044593642),('GRC','NE.IMP.GNFS.ZS',2008,35.96814660118039),('GRC','NE.IMP.GNFS.ZS',2009,28.761659845574695),('GRC','NE.IMP.GNFS.ZS',2010,30.726892810869003),('GRC','NE.IMP.GNFS.ZS',2011,32.3092041161275),('GRC','NE.IMP.GNFS.ZS',2012,33.1337726282947),('GRC','NE.IMP.GNFS.ZS',2013,33.1657139410876),('GRC','NE.IMP.GNFS.ZS',2014,34.7764129846611),('GRC','NE.IMP.GNFS.ZS',2015,31.5018900612515),('GRC','NE.IMP.GNFS.ZS',2016,30.776781766479697),('GRC','NE.IMP.GNFS.ZS',2017,34.0101586285405),('GRC','NE.IMP.GNFS.ZS',2018,36.3904688555073),('GRC','NE.TRD.GNFS.ZS',1960,24.4737597088619),('GRC','NE.TRD.GNFS.ZS',1961,23.6047445199494),('GRC','NE.TRD.GNFS.ZS',1962,23.108516078877106),('GRC','NE.TRD.GNFS.ZS',1963,24.3439499355235),('GRC','NE.TRD.GNFS.ZS',1964,24.3647834922471),('GRC','NE.TRD.GNFS.ZS',1965,24.670649660283487),('GRC','NE.TRD.GNFS.ZS',1966,24.968740357368606),('GRC','NE.TRD.GNFS.ZS',1967,24.2231648449611),('GRC','NE.TRD.GNFS.ZS',1968,23.6371673337317),('GRC','NE.TRD.GNFS.ZS',1969,23.294500755924506),('GRC','NE.TRD.GNFS.ZS',1970,23.1099432945152),('GRC','NE.TRD.GNFS.ZS',1971,23.3191999373868),('GRC','NE.TRD.GNFS.ZS',1972,25.317664166809),('GRC','NE.TRD.GNFS.ZS',1973,31.730350705090398),('GRC','NE.TRD.GNFS.ZS',1974,35.4769068062614),('GRC','NE.TRD.GNFS.ZS',1975,35.3229907141739),('GRC','NE.TRD.GNFS.ZS',1976,34.878692244499305),('GRC','NE.TRD.GNFS.ZS',1977,34.6615836934354),('GRC','NE.TRD.GNFS.ZS',1978,33.1365956643507),('GRC','NE.TRD.GNFS.ZS',1979,35.5322117114342),('GRC','NE.TRD.GNFS.ZS',1980,44.5858238010235),('GRC','NE.TRD.GNFS.ZS',1981,47.14033547457871),('GRC','NE.TRD.GNFS.ZS',1982,41.8515323822009),('GRC','NE.TRD.GNFS.ZS',1983,41.175542393463395),('GRC','NE.TRD.GNFS.ZS',1984,40.8984853797075),('GRC','NE.TRD.GNFS.ZS',1985,40.3879757055887),('GRC','NE.TRD.GNFS.ZS',1986,42.65204495585761),('GRC','NE.TRD.GNFS.ZS',1987,42.3183569569429),('GRC','NE.TRD.GNFS.ZS',1988,39.6132347161484),('GRC','NE.TRD.GNFS.ZS',1989,40.78385530834061),('GRC','NE.TRD.GNFS.ZS',1990,40.1283071274251),('GRC','NE.TRD.GNFS.ZS',1991,38.5927873229398),('GRC','NE.TRD.GNFS.ZS',1992,38.8225929412009),('GRC','NE.TRD.GNFS.ZS',1993,37.0258986062577),('GRC','NE.TRD.GNFS.ZS',1994,36.1631218934692),('GRC','NE.TRD.GNFS.ZS',1995,37.1078807984061),('GRC','NE.TRD.GNFS.ZS',1996,37.496233439506895),('GRC','NE.TRD.GNFS.ZS',1997,39.2742287484754),('GRC','NE.TRD.GNFS.ZS',1998,42.2682802501338),('GRC','NE.TRD.GNFS.ZS',1999,47.37759843657739),('GRC','NE.TRD.GNFS.ZS',2000,58.41567754069021),('GRC','NE.TRD.GNFS.ZS',2001,56.1399692678095),('GRC','NE.TRD.GNFS.ZS',2002,50.3489962575686),('GRC','NE.TRD.GNFS.ZS',2003,48.19005371756061),('GRC','NE.TRD.GNFS.ZS',2004,49.8984415953514),('GRC','NE.TRD.GNFS.ZS',2005,50.9008641205698),('GRC','NE.TRD.GNFS.ZS',2006,52.8502386406672),('GRC','NE.TRD.GNFS.ZS',2007,57.5243742223839),('GRC','NE.TRD.GNFS.ZS',2008,59.3297157210787),('GRC','NE.TRD.GNFS.ZS',2009,47.743846541934396),('GRC','NE.TRD.GNFS.ZS',2010,52.82909793270571),('GRC','NE.TRD.GNFS.ZS',2011,57.8446200446513),('GRC','NE.TRD.GNFS.ZS',2012,61.8177666440886),('GRC','NE.TRD.GNFS.ZS',2013,63.5191424472248),('GRC','NE.TRD.GNFS.ZS',2014,67.14945369062279),('GRC','NE.TRD.GNFS.ZS',2015,63.05516077507521),('GRC','NE.TRD.GNFS.ZS',2016,60.840527700467604),('GRC','NE.TRD.GNFS.ZS',2017,67.00055500574311),('GRC','NE.TRD.GNFS.ZS',2018,72.51970005380309),('GRC','NY.GDP.MKTP.KD.ZG',1961,13.2038411934427),('GRC','NY.GDP.MKTP.KD.ZG',1962,0.364810538216716),('GRC','NY.GDP.MKTP.KD.ZG',1963,11.8448676740362),('GRC','NY.GDP.MKTP.KD.ZG',1964,9.40967663829282),('GRC','NY.GDP.MKTP.KD.ZG',1965,10.768010505790501),('GRC','NY.GDP.MKTP.KD.ZG',1966,6.4945023470754695),('GRC','NY.GDP.MKTP.KD.ZG',1967,5.6694854667158605),('GRC','NY.GDP.MKTP.KD.ZG',1968,7.20371890047187),('GRC','NY.GDP.MKTP.KD.ZG',1969,11.5636672907284),('GRC','NY.GDP.MKTP.KD.ZG',1970,8.93058075921299),('GRC','NY.GDP.MKTP.KD.ZG',1971,7.84117693362568),('GRC','NY.GDP.MKTP.KD.ZG',1972,10.1601512031329),('GRC','NY.GDP.MKTP.KD.ZG',1973,8.092378601794879),('GRC','NY.GDP.MKTP.KD.ZG',1974,-6.438240541593361),('GRC','NY.GDP.MKTP.KD.ZG',1975,6.3668086173942005),('GRC','NY.GDP.MKTP.KD.ZG',1976,6.8518980273313295),('GRC','NY.GDP.MKTP.KD.ZG',1977,2.94100169179148),('GRC','NY.GDP.MKTP.KD.ZG',1978,7.24686333636429),('GRC','NY.GDP.MKTP.KD.ZG',1979,3.28208019565952),('GRC','NY.GDP.MKTP.KD.ZG',1980,0.6771310868000602),('GRC','NY.GDP.MKTP.KD.ZG',1981,-1.5537212257540198),('GRC','NY.GDP.MKTP.KD.ZG',1982,-1.13264755351396),('GRC','NY.GDP.MKTP.KD.ZG',1983,-1.0786223348260502),('GRC','NY.GDP.MKTP.KD.ZG',1984,2.01058038462305),('GRC','NY.GDP.MKTP.KD.ZG',1985,2.5095565350787004),('GRC','NY.GDP.MKTP.KD.ZG',1986,0.517660118748253),('GRC','NY.GDP.MKTP.KD.ZG',1987,-2.25886349705429),('GRC','NY.GDP.MKTP.KD.ZG',1988,4.28786164850648),('GRC','NY.GDP.MKTP.KD.ZG',1989,3.79999999564986),('GRC','NY.GDP.MKTP.KD.ZG',1990,0),('GRC','NY.GDP.MKTP.KD.ZG',1991,3.09999998861477),('GRC','NY.GDP.MKTP.KD.ZG',1992,0.70000000474235),('GRC','NY.GDP.MKTP.KD.ZG',1993,-1.59999996232489),('GRC','NY.GDP.MKTP.KD.ZG',1994,2.00000002461354),('GRC','NY.GDP.MKTP.KD.ZG',1995,2.09971974391323),('GRC','NY.GDP.MKTP.KD.ZG',1996,2.86212890949049),('GRC','NY.GDP.MKTP.KD.ZG',1997,4.48419908217453),('GRC','NY.GDP.MKTP.KD.ZG',1998,3.89490478020595),('GRC','NY.GDP.MKTP.KD.ZG',1999,3.0725966881793),('GRC','NY.GDP.MKTP.KD.ZG',2000,3.9197707576146),('GRC','NY.GDP.MKTP.KD.ZG',2001,4.13161208119371),('GRC','NY.GDP.MKTP.KD.ZG',2002,3.92287181307964),('GRC','NY.GDP.MKTP.KD.ZG',2003,5.79453123883324),('GRC','NY.GDP.MKTP.KD.ZG',2004,5.0609926100659015),('GRC','NY.GDP.MKTP.KD.ZG',2005,0.599142080317989),('GRC','NY.GDP.MKTP.KD.ZG',2006,5.65243366900454),('GRC','NY.GDP.MKTP.KD.ZG',2007,3.27374690375697),('GRC','NY.GDP.MKTP.KD.ZG',2008,-0.335172576683306),('GRC','NY.GDP.MKTP.KD.ZG',2009,-4.3007336610621),('GRC','NY.GDP.MKTP.KD.ZG',2010,-5.47903710212778),('GRC','NY.GDP.MKTP.KD.ZG',2011,-9.13249412984462),('GRC','NY.GDP.MKTP.KD.ZG',2012,-7.30049396069786),('GRC','NY.GDP.MKTP.KD.ZG',2013,-3.24142505601294),('GRC','NY.GDP.MKTP.KD.ZG',2014,0.739777138557756),('GRC','NY.GDP.MKTP.KD.ZG',2015,-0.4378339378445301),('GRC','NY.GDP.MKTP.KD.ZG',2016,-0.190952295750137),('GRC','NY.GDP.MKTP.KD.ZG',2017,1.5050993394032202),('GRC','NY.GDP.MKTP.KD.ZG',2018,1.93437082746027),('GRC','NY.GDP.MKTP.KN',1960,37777634000),('GRC','NY.GDP.MKTP.KN',1961,42765732800),('GRC','NY.GDP.MKTP.KN',1962,42921746700),('GRC','NY.GDP.MKTP.KN',1963,48005770800),('GRC','NY.GDP.MKTP.KN',1964,52522958600),('GRC','NY.GDP.MKTP.KN',1965,58178636300),('GRC','NY.GDP.MKTP.KN',1966,61957049200),('GRC','NY.GDP.MKTP.KN',1967,65469695100),('GRC','NY.GDP.MKTP.KN',1968,70185947900),('GRC','NY.GDP.MKTP.KN',1969,78302017400),('GRC','NY.GDP.MKTP.KN',1970,85294842300),('GRC','NY.GDP.MKTP.KN',1971,91982961800),('GRC','NY.GDP.MKTP.KN',1972,101328569800),('GRC','NY.GDP.MKTP.KN',1973,109528461300),('GRC','NY.GDP.MKTP.KN',1974,102476755500),('GRC','NY.GDP.MKTP.KN',1975,109001254400),('GRC','NY.GDP.MKTP.KN',1976,116469909200),('GRC','NY.GDP.MKTP.KN',1977,119895291200),('GRC','NY.GDP.MKTP.KN',1978,128583939100),('GRC','NY.GDP.MKTP.KN',1979,132804167100),('GRC','NY.GDP.MKTP.KN',1980,133703425400),('GRC','NY.GDP.MKTP.KN',1981,131626046900),('GRC','NY.GDP.MKTP.KN',1982,130135187700),('GRC','NY.GDP.MKTP.KN',1983,128731520500),('GRC','NY.GDP.MKTP.KN',1984,131319771200),('GRC','NY.GDP.MKTP.KN',1985,134615315100),('GRC','NY.GDP.MKTP.KN',1986,135312164900),('GRC','NY.GDP.MKTP.KN',1987,132255647800),('GRC','NY.GDP.MKTP.KN',1988,137926587000),('GRC','NY.GDP.MKTP.KN',1989,143167797300),('GRC','NY.GDP.MKTP.KN',1990,143167797300),('GRC','NY.GDP.MKTP.KN',1991,147605999000),('GRC','NY.GDP.MKTP.KN',1992,148639241000),('GRC','NY.GDP.MKTP.KN',1993,146261013200),('GRC','NY.GDP.MKTP.KN',1994,149186233500),('GRC','NY.GDP.MKTP.KN',1995,152318726300),('GRC','NY.GDP.MKTP.KN',1996,156678284600),('GRC','NY.GDP.MKTP.KN',1997,163704050800),('GRC','NY.GDP.MKTP.KN',1998,170080167700),('GRC','NY.GDP.MKTP.KN',1999,175306045300),('GRC','NY.GDP.MKTP.KN',2000,182177640400),('GRC','NY.GDP.MKTP.KN',2001,189704513800),('GRC','NY.GDP.MKTP.KN',2002,197146378700),('GRC','NY.GDP.MKTP.KN',2003,208570087200),('GRC','NY.GDP.MKTP.KN',2004,219125803900),('GRC','NY.GDP.MKTP.KN',2005,220438678800),('GRC','NY.GDP.MKTP.KN',2006,232898828900),('GRC','NY.GDP.MKTP.KN',2007,240523347100),('GRC','NY.GDP.MKTP.KN',2008,239717178800),('GRC','NY.GDP.MKTP.KN',2009,229407581400),('GRC','NY.GDP.MKTP.KN',2010,216838254900),('GRC','NY.GDP.MKTP.KN',2011,197035514000),('GRC','NY.GDP.MKTP.KN',2012,182650948200),('GRC','NY.GDP.MKTP.KN',2013,176730454600),('GRC','NY.GDP.MKTP.KN',2014,178037866100),('GRC','NY.GDP.MKTP.KN',2015,177258355900),('GRC','NY.GDP.MKTP.KN',2016,176919877000),('GRC','NY.GDP.MKTP.KN',2017,179582696900),('GRC','NY.GDP.MKTP.KN',2018,183056492200),('GRC','NY.GDP.PCAP.KD.ZG',1961,12.3097949842447),('GRC','NY.GDP.PCAP.KD.ZG',1962,-0.231362328611098),('GRC','NY.GDP.PCAP.KD.ZG',1963,11.4308123253594),('GRC','NY.GDP.PCAP.KD.ZG',1964,9.0136618569973),('GRC','NY.GDP.PCAP.KD.ZG',1965,10.2510614359446),('GRC','NY.GDP.PCAP.KD.ZG',1966,5.7116729870732925),('GRC','NY.GDP.PCAP.KD.ZG',1967,4.81239586239369),('GRC','NY.GDP.PCAP.KD.ZG',1968,6.50858693248941),('GRC','NY.GDP.PCAP.KD.ZG',1969,11.1567344483955),('GRC','NY.GDP.PCAP.KD.ZG',1970,8.682288382515921),('GRC','NY.GDP.PCAP.KD.ZG',1971,7.37432704260807),('GRC','NY.GDP.PCAP.KD.ZG',1972,9.44639161862891),('GRC','NY.GDP.PCAP.KD.ZG',1973,7.60260826545012),('GRC','NY.GDP.PCAP.KD.ZG',1974,-6.78208594941785),('GRC','NY.GDP.PCAP.KD.ZG',1975,5.37305682899978),('GRC','NY.GDP.PCAP.KD.ZG',1976,5.20508224529115),('GRC','NY.GDP.PCAP.KD.ZG',1977,1.6103022517893502),('GRC','NY.GDP.PCAP.KD.ZG',1978,5.86527207407974),('GRC','NY.GDP.PCAP.KD.ZG',1979,2.00245758752867),('GRC','NY.GDP.PCAP.KD.ZG',1980,-0.3068992635640481),('GRC','NY.GDP.PCAP.KD.ZG',1981,-2.43246102647548),('GRC','NY.GDP.PCAP.KD.ZG',1982,-1.74025250028077),('GRC','NY.GDP.PCAP.KD.ZG',1983,-1.65240212398315),('GRC','NY.GDP.PCAP.KD.ZG',1984,1.50367161798218),('GRC','NY.GDP.PCAP.KD.ZG',1985,2.1122949849902097),('GRC','NY.GDP.PCAP.KD.ZG',1986,0.185738071182072),('GRC','NY.GDP.PCAP.KD.ZG',1987,-2.58512354645548),('GRC','NY.GDP.PCAP.KD.ZG',1988,3.909777247081681),('GRC','NY.GDP.PCAP.KD.ZG',1989,3.25972960759175),('GRC','NY.GDP.PCAP.KD.ZG',1990,-1.05223289834686),('GRC','NY.GDP.PCAP.KD.ZG',1991,1.86983445560294),('GRC','NY.GDP.PCAP.KD.ZG',1992,-0.066299356361057),('GRC','NY.GDP.PCAP.KD.ZG',1993,-2.17715044844914),('GRC','NY.GDP.PCAP.KD.ZG',1994,1.49055897660686),('GRC','NY.GDP.PCAP.KD.ZG',1995,1.62382516988913),('GRC','NY.GDP.PCAP.KD.ZG',1996,2.4098430970290496),('GRC','NY.GDP.PCAP.KD.ZG',1997,3.97008188460417),('GRC','NY.GDP.PCAP.KD.ZG',1998,3.32069947817905),('GRC','NY.GDP.PCAP.KD.ZG',1999,2.67809972450411),('GRC','NY.GDP.PCAP.KD.ZG',2000,3.49556360085978),('GRC','NY.GDP.PCAP.KD.ZG',2001,3.59165280626857),('GRC','NY.GDP.PCAP.KD.ZG',2002,3.5426227770179097),('GRC','NY.GDP.PCAP.KD.ZG',2003,5.542360823589831),('GRC','NY.GDP.PCAP.KD.ZG',2004,4.80137877844594),('GRC','NY.GDP.PCAP.KD.ZG',2005,0.30456815641358004),('GRC','NY.GDP.PCAP.KD.ZG',2006,5.3356018237445495),('GRC','NY.GDP.PCAP.KD.ZG',2007,3.0109840496312006),('GRC','NY.GDP.PCAP.KD.ZG',2008,-0.599389823687304),('GRC','NY.GDP.PCAP.KD.ZG',2009,-4.55211724989651),('GRC','NY.GDP.PCAP.KD.ZG',2010,-5.60077766134174),('GRC','NY.GDP.PCAP.KD.ZG',2011,-8.99795499252181),('GRC','NY.GDP.PCAP.KD.ZG',2012,-6.79786086982254),('GRC','NY.GDP.PCAP.KD.ZG',2013,-2.53725855337746),('GRC','NY.GDP.PCAP.KD.ZG',2014,1.41305809991432),('GRC','NY.GDP.PCAP.KD.ZG',2015,0.220308446508582),('GRC','NY.GDP.PCAP.KD.ZG',2016,0.225031001763696),('GRC','NY.GDP.PCAP.KD.ZG',2017,1.70605806398576),('GRC','NY.GDP.PCAP.KD.ZG',2018,2.19102952443156),('GRC','NY.GDY.TOTL.KN',1960,37651894183.9101),('GRC','NY.GDY.TOTL.KN',1961,42648602037.0482),('GRC','NY.GDY.TOTL.KN',1962,42767599530.6619),('GRC','NY.GDY.TOTL.KN',1963,47937692528.4337),('GRC','NY.GDY.TOTL.KN',1964,52434859641.675),('GRC','NY.GDY.TOTL.KN',1965,58043164970.4841),('GRC','NY.GDY.TOTL.KN',1966,61854319753.6736),('GRC','NY.GDY.TOTL.KN',1967,65402508046.2599),('GRC','NY.GDY.TOTL.KN',1968,70057084618.5367),('GRC','NY.GDY.TOTL.KN',1969,78183806332.7737),('GRC','NY.GDY.TOTL.KN',1970,85062672572.3173),('GRC','NY.GDY.TOTL.KN',1971,91476809912.8103),('GRC','NY.GDY.TOTL.KN',1972,100558413131.412),('GRC','NY.GDY.TOTL.KN',1973,108917464136.729),('GRC','NY.GDY.TOTL.KN',1974,101736692946.624),('GRC','NY.GDY.TOTL.KN',1975,107587952445.656),('GRC','NY.GDY.TOTL.KN',1976,114611062346.832),('GRC','NY.GDY.TOTL.KN',1977,118220783654.471),('GRC','NY.GDY.TOTL.KN',1978,126404493288.344),('GRC','NY.GDY.TOTL.KN',1979,130028208325.377),('GRC','NY.GDY.TOTL.KN',1980,130738966948.462),('GRC','NY.GDY.TOTL.KN',1981,129251267705.306),('GRC','NY.GDY.TOTL.KN',1982,127928689940.414),('GRC','NY.GDY.TOTL.KN',1983,127076377958.032),('GRC','NY.GDY.TOTL.KN',1984,128548453476.141),('GRC','NY.GDY.TOTL.KN',1985,131550341808.202),('GRC','NY.GDY.TOTL.KN',1986,132229615221.758),('GRC','NY.GDY.TOTL.KN',1987,129255401646.297),('GRC','NY.GDY.TOTL.KN',1988,135344746178.054),('GRC','NY.GDY.TOTL.KN',1989,140440084763.664),('GRC','NY.GDY.TOTL.KN',1990,140809993053.428),('GRC','NY.GDY.TOTL.KN',1991,145375558649.471),('GRC','NY.GDY.TOTL.KN',1992,145861458790.57),('GRC','NY.GDY.TOTL.KN',1993,143818310199.561),('GRC','NY.GDY.TOTL.KN',1994,147060270028.684),('GRC','NY.GDY.TOTL.KN',1995,150338536977.435),('GRC','NY.GDY.TOTL.KN',1996,155053544994.076),('GRC','NY.GDY.TOTL.KN',1997,161876380206.84),('GRC','NY.GDY.TOTL.KN',1998,168378814870.07),('GRC','NY.GDY.TOTL.KN',1999,173316698340.892),('GRC','NY.GDY.TOTL.KN',2000,179028176543.512),('GRC','NY.GDY.TOTL.KN',2001,186875203638.408),('GRC','NY.GDY.TOTL.KN',2002,195050381525.047),('GRC','NY.GDY.TOTL.KN',2003,207129634359.483),('GRC','NY.GDY.TOTL.KN',2004,217368369754.851),('GRC','NY.GDY.TOTL.KN',2005,218205590575.2289),('GRC','NY.GDY.TOTL.KN',2006,230523458499.152),('GRC','NY.GDY.TOTL.KN',2007,238156338485.219),('GRC','NY.GDY.TOTL.KN',2008,236639517849.206),('GRC','NY.GDY.TOTL.KN',2009,226601267818.56305),('GRC','NY.GDY.TOTL.KN',2010,214066562594.166),('GRC','NY.GDY.TOTL.KN',2011,194016243358.114),('GRC','NY.GDY.TOTL.KN',2012,178857568637.534),('GRC','NY.GDY.TOTL.KN',2013,173648457778.903),('GRC','NY.GDY.TOTL.KN',2014,175555579304.797),('GRC','NY.GDY.TOTL.KN',2015,177258355900),('GRC','NY.GDY.TOTL.KN',2016,176690875030.526),('GRC','NY.GDY.TOTL.KN',2017,179104074184.774),('GRC','NY.GDY.TOTL.KN',2018,181321299840.50305),('GRC','SP.DYN.LE00.IN',1960,68.1639024390244),('GRC','SP.DYN.LE00.IN',1961,68.5486341463415),('GRC','SP.DYN.LE00.IN',1962,68.8922682926829),('GRC','SP.DYN.LE00.IN',1963,69.1857073170732),('GRC','SP.DYN.LE00.IN',1964,69.4294390243902),('GRC','SP.DYN.LE00.IN',1965,69.638),('GRC','SP.DYN.LE00.IN',1966,69.8374634146341),('GRC','SP.DYN.LE00.IN',1967,70.0524634146342),('GRC','SP.DYN.LE00.IN',1968,70.3025609756098),('GRC','SP.DYN.LE00.IN',1969,70.5892926829268),('GRC','SP.DYN.LE00.IN',1970,70.90363414634149),('GRC','SP.DYN.LE00.IN',1971,71.2265609756098),('GRC','SP.DYN.LE00.IN',1972,71.535),('GRC','SP.DYN.LE00.IN',1973,71.81485365853659),('GRC','SP.DYN.LE00.IN',1974,72.06463414634149),('GRC','SP.DYN.LE00.IN',1975,72.2937073170732),('GRC','SP.DYN.LE00.IN',1976,72.51956097560979),('GRC','SP.DYN.LE00.IN',1977,72.7616585365854),('GRC','SP.DYN.LE00.IN',1978,73.0310731707317),('GRC','SP.DYN.LE00.IN',1979,73.3293658536585),('GRC','SP.DYN.LE00.IN',1980,73.6471463414634),('GRC','SP.DYN.LE00.IN',1981,73.96948780487809),('GRC','SP.DYN.LE00.IN',1982,74.279),('GRC','SP.DYN.LE00.IN',1983,74.5658536585366),('GRC','SP.DYN.LE00.IN',1984,74.8291219512195),('GRC','SP.DYN.LE00.IN',1985,75.078512195122),('GRC','SP.DYN.LE00.IN',1986,75.3297073170732),('GRC','SP.DYN.LE00.IN',1987,75.5981463414634),('GRC','SP.DYN.LE00.IN',1988,75.891243902439),('GRC','SP.DYN.LE00.IN',1989,76.6878048780488),('GRC','SP.DYN.LE00.IN',1990,76.9390243902439),('GRC','SP.DYN.LE00.IN',1991,77.1365853658537),('GRC','SP.DYN.LE00.IN',1992,77.3829268292683),('GRC','SP.DYN.LE00.IN',1993,77.390243902439),('GRC','SP.DYN.LE00.IN',1994,77.6390243902439),('GRC','SP.DYN.LE00.IN',1995,77.5853658536585),('GRC','SP.DYN.LE00.IN',1996,77.68536585365851),('GRC','SP.DYN.LE00.IN',1997,78.1365853658537),('GRC','SP.DYN.LE00.IN',1998,77.8390243902439),('GRC','SP.DYN.LE00.IN',1999,77.9878048780488),('GRC','SP.DYN.LE00.IN',2000,77.8878048780488),('GRC','SP.DYN.LE00.IN',2001,78.3878048780488),('GRC','SP.DYN.LE00.IN',2002,78.64146341463409),('GRC','SP.DYN.LE00.IN',2003,78.84146341463409),('GRC','SP.DYN.LE00.IN',2004,79.0390243902439),('GRC','SP.DYN.LE00.IN',2005,79.2390243902439),('GRC','SP.DYN.LE00.IN',2006,79.4390243902439),('GRC','SP.DYN.LE00.IN',2007,79.4390243902439),('GRC','SP.DYN.LE00.IN',2008,79.9390243902439),('GRC','SP.DYN.LE00.IN',2009,80.1878048780488),('GRC','SP.DYN.LE00.IN',2010,80.3878048780488),('GRC','SP.DYN.LE00.IN',2011,80.7317073170732),('GRC','SP.DYN.LE00.IN',2012,80.6341463414634),('GRC','SP.DYN.LE00.IN',2013,81.2853658536585),('GRC','SP.DYN.LE00.IN',2014,81.3853658536585),('GRC','SP.DYN.LE00.IN',2015,81.0365853658537),('GRC','SP.DYN.LE00.IN',2016,81.3878048780488),('GRC','SP.DYN.LE00.IN',2017,81.3878048780488),('GRC','SP.DYN.TFRT.IN',1960,2.23),('GRC','SP.DYN.TFRT.IN',1961,2.13),('GRC','SP.DYN.TFRT.IN',1962,2.16),('GRC','SP.DYN.TFRT.IN',1963,2.14),('GRC','SP.DYN.TFRT.IN',1964,2.24),('GRC','SP.DYN.TFRT.IN',1965,2.25),('GRC','SP.DYN.TFRT.IN',1966,2.32),('GRC','SP.DYN.TFRT.IN',1967,2.45),('GRC','SP.DYN.TFRT.IN',1968,2.42),('GRC','SP.DYN.TFRT.IN',1969,2.36),('GRC','SP.DYN.TFRT.IN',1970,2.4),('GRC','SP.DYN.TFRT.IN',1971,2.32),('GRC','SP.DYN.TFRT.IN',1972,2.32),('GRC','SP.DYN.TFRT.IN',1973,2.27),('GRC','SP.DYN.TFRT.IN',1974,2.38),('GRC','SP.DYN.TFRT.IN',1975,2.33),('GRC','SP.DYN.TFRT.IN',1976,2.35),('GRC','SP.DYN.TFRT.IN',1977,2.27),('GRC','SP.DYN.TFRT.IN',1978,2.28),('GRC','SP.DYN.TFRT.IN',1979,2.26),('GRC','SP.DYN.TFRT.IN',1980,2.23),('GRC','SP.DYN.TFRT.IN',1981,2.09),('GRC','SP.DYN.TFRT.IN',1982,2.03),('GRC','SP.DYN.TFRT.IN',1983,1.94),('GRC','SP.DYN.TFRT.IN',1984,1.83),('GRC','SP.DYN.TFRT.IN',1985,1.67),('GRC','SP.DYN.TFRT.IN',1986,1.6),('GRC','SP.DYN.TFRT.IN',1987,1.5),('GRC','SP.DYN.TFRT.IN',1988,1.5),('GRC','SP.DYN.TFRT.IN',1989,1.4),('GRC','SP.DYN.TFRT.IN',1990,1.39),('GRC','SP.DYN.TFRT.IN',1991,1.37),('GRC','SP.DYN.TFRT.IN',1992,1.36),('GRC','SP.DYN.TFRT.IN',1993,1.32),('GRC','SP.DYN.TFRT.IN',1994,1.33),('GRC','SP.DYN.TFRT.IN',1995,1.28),('GRC','SP.DYN.TFRT.IN',1996,1.26),('GRC','SP.DYN.TFRT.IN',1997,1.27),('GRC','SP.DYN.TFRT.IN',1998,1.24),('GRC','SP.DYN.TFRT.IN',1999,1.23),('GRC','SP.DYN.TFRT.IN',2000,1.25),('GRC','SP.DYN.TFRT.IN',2001,1.25),('GRC','SP.DYN.TFRT.IN',2002,1.28),('GRC','SP.DYN.TFRT.IN',2003,1.29),('GRC','SP.DYN.TFRT.IN',2004,1.31),('GRC','SP.DYN.TFRT.IN',2005,1.34),('GRC','SP.DYN.TFRT.IN',2006,1.4),('GRC','SP.DYN.TFRT.IN',2007,1.41),('GRC','SP.DYN.TFRT.IN',2008,1.5),('GRC','SP.DYN.TFRT.IN',2009,1.5),('GRC','SP.DYN.TFRT.IN',2010,1.48),('GRC','SP.DYN.TFRT.IN',2011,1.4),('GRC','SP.DYN.TFRT.IN',2012,1.34),('GRC','SP.DYN.TFRT.IN',2013,1.29),('GRC','SP.DYN.TFRT.IN',2014,1.3),('GRC','SP.DYN.TFRT.IN',2015,1.33),('GRC','SP.DYN.TFRT.IN',2016,1.38),('GRC','SP.DYN.TFRT.IN',2017,1.38),('GRC','SP.POP.TOTL',1960,8331725),('GRC','SP.POP.TOTL',1961,8398050),('GRC','SP.POP.TOTL',1962,8448233),('GRC','SP.POP.TOTL',1963,8479625),('GRC','SP.POP.TOTL',1964,8510429),('GRC','SP.POP.TOTL',1965,8550333),('GRC','SP.POP.TOTL',1966,8613651),('GRC','SP.POP.TOTL',1967,8684088),('GRC','SP.POP.TOTL',1968,8740765),('GRC','SP.POP.TOTL',1969,8772764),('GRC','SP.POP.TOTL',1970,8792806),('GRC','SP.POP.TOTL',1971,8831036),('GRC','SP.POP.TOTL',1972,8888628),('GRC','SP.POP.TOTL',1973,8929086),('GRC','SP.POP.TOTL',1974,8962022),('GRC','SP.POP.TOTL',1975,9046541),('GRC','SP.POP.TOTL',1976,9188150),('GRC','SP.POP.TOTL',1977,9308479),('GRC','SP.POP.TOTL',1978,9429959),('GRC','SP.POP.TOTL',1979,9548258),('GRC','SP.POP.TOTL',1980,9642505),('GRC','SP.POP.TOTL',1981,9729350),('GRC','SP.POP.TOTL',1982,9789513),('GRC','SP.POP.TOTL',1983,9846627),('GRC','SP.POP.TOTL',1984,9895801),('GRC','SP.POP.TOTL',1985,9934300),('GRC','SP.POP.TOTL',1986,9967213),('GRC','SP.POP.TOTL',1987,10000595),('GRC','SP.POP.TOTL',1988,10036983),('GRC','SP.POP.TOTL',1989,10089498),('GRC','SP.POP.TOTL',1990,10196792),('GRC','SP.POP.TOTL',1991,10319927),('GRC','SP.POP.TOTL',1992,10399061),('GRC','SP.POP.TOTL',1993,10460415),('GRC','SP.POP.TOTL',1994,10512922),('GRC','SP.POP.TOTL',1995,10562153),('GRC','SP.POP.TOTL',1996,10608800),('GRC','SP.POP.TOTL',1997,10661259),('GRC','SP.POP.TOTL',1998,10720509),('GRC','SP.POP.TOTL',1999,10761698),('GRC','SP.POP.TOTL',2000,10805808),('GRC','SP.POP.TOTL',2001,10862132),('GRC','SP.POP.TOTL',2002,10902022),('GRC','SP.POP.TOTL',2003,10928070),('GRC','SP.POP.TOTL',2004,10955141),('GRC','SP.POP.TOTL',2005,10987314),('GRC','SP.POP.TOTL',2006,11020362),('GRC','SP.POP.TOTL',2007,11048473),('GRC','SP.POP.TOTL',2008,11077841),('GRC','SP.POP.TOTL',2009,11107017),('GRC','SP.POP.TOTL',2010,11121341),('GRC','SP.POP.TOTL',2011,11104899),('GRC','SP.POP.TOTL',2012,11045011),('GRC','SP.POP.TOTL',2013,10965211),('GRC','SP.POP.TOTL',2014,10892413),('GRC','SP.POP.TOTL',2015,10820883),('GRC','SP.POP.TOTL',2016,10775971),('GRC','SP.POP.TOTL',2017,10754679),('GRC','SP.POP.TOTL',2018,10727668),('ITA','EN.ATM.CO2E.PC',1960,2.1784447715823),('ITA','EN.ATM.CO2E.PC',1961,2.46455580982798),('ITA','EN.ATM.CO2E.PC',1962,2.87849638704821),('ITA','EN.ATM.CO2E.PC',1963,3.21510013267775),('ITA','EN.ATM.CO2E.PC',1964,3.40505343456793),('ITA','EN.ATM.CO2E.PC',1965,3.641502446157201),('ITA','EN.ATM.CO2E.PC',1966,4.07944062148937),('ITA','EN.ATM.CO2E.PC',1967,4.43148255687564),('ITA','EN.ATM.CO2E.PC',1968,4.6866127743105),('ITA','EN.ATM.CO2E.PC',1969,5.04331122129256),('ITA','EN.ATM.CO2E.PC',1970,5.513392311858469),('ITA','EN.ATM.CO2E.PC',1971,5.7623182265468715),('ITA','EN.ATM.CO2E.PC',1972,6.04932145389196),('ITA','EN.ATM.CO2E.PC',1973,6.471435783767822),('ITA','EN.ATM.CO2E.PC',1974,6.521514721923809),('ITA','EN.ATM.CO2E.PC',1975,6.174325441923388),('ITA','EN.ATM.CO2E.PC',1976,6.592316217340598),('ITA','EN.ATM.CO2E.PC',1977,6.36534883105407),('ITA','EN.ATM.CO2E.PC',1978,6.64648995729563),('ITA','EN.ATM.CO2E.PC',1979,6.88000191555952),('ITA','EN.ATM.CO2E.PC',1980,6.89248498105296),('ITA','EN.ATM.CO2E.PC',1981,6.690421637942588),('ITA','EN.ATM.CO2E.PC',1982,6.53799211538689),('ITA','EN.ATM.CO2E.PC',1983,6.388587126874911),('ITA','EN.ATM.CO2E.PC',1984,6.498251683669598),('ITA','EN.ATM.CO2E.PC',1985,6.575619372201941),('ITA','EN.ATM.CO2E.PC',1986,6.47489764984918),('ITA','EN.ATM.CO2E.PC',1987,6.7784061289357815),('ITA','EN.ATM.CO2E.PC',1988,6.88301251465496),('ITA','EN.ATM.CO2E.PC',1989,7.215357675101122),('ITA','EN.ATM.CO2E.PC',1990,7.3617045820783185),('ITA','EN.ATM.CO2E.PC',1991,7.4683799283635315),('ITA','EN.ATM.CO2E.PC',1992,7.40416893211442),('ITA','EN.ATM.CO2E.PC',1993,7.24801299258034),('ITA','EN.ATM.CO2E.PC',1994,7.1666724896821785),('ITA','EN.ATM.CO2E.PC',1995,7.57303327300891),('ITA','EN.ATM.CO2E.PC',1996,7.48906560978832),('ITA','EN.ATM.CO2E.PC',1997,7.566965197555749),('ITA','EN.ATM.CO2E.PC',1998,7.7346487614895),('ITA','EN.ATM.CO2E.PC',1999,7.7657550821498225),('ITA','EN.ATM.CO2E.PC',2000,7.912673166227),('ITA','EN.ATM.CO2E.PC',2001,7.90443266326278),('ITA','EN.ATM.CO2E.PC',2002,7.93232304235508),('ITA','EN.ATM.CO2E.PC',2003,8.171751280416139),('ITA','EN.ATM.CO2E.PC',2004,8.21648720132938),('ITA','EN.ATM.CO2E.PC',2005,8.16609012769546),('ITA','EN.ATM.CO2E.PC',2006,8.07214559567724),('ITA','EN.ATM.CO2E.PC',2007,7.91734721623538),('ITA','EN.ATM.CO2E.PC',2008,7.60176496973799),('ITA','EN.ATM.CO2E.PC',2009,6.79565148637292),('ITA','EN.ATM.CO2E.PC',2010,6.83837457020099),('ITA','EN.ATM.CO2E.PC',2011,6.70255761383033),('ITA','EN.ATM.CO2E.PC',2012,6.20541385845015),('ITA','EN.ATM.CO2E.PC',2013,5.73294187855659),('ITA','EN.ATM.CO2E.PC',2014,5.27086678640296),('ITA','NE.EXP.GNFS.ZS',1970,15.1635375972039),('ITA','NE.EXP.GNFS.ZS',1971,15.5800547925035),('ITA','NE.EXP.GNFS.ZS',1972,16.3135256913748),('ITA','NE.EXP.GNFS.ZS',1973,16.105447505173398),('ITA','NE.EXP.GNFS.ZS',1974,18.5240186973801),('ITA','NE.EXP.GNFS.ZS',1975,18.732254988004502),('ITA','NE.EXP.GNFS.ZS',1976,20.044703702297397),('ITA','NE.EXP.GNFS.ZS',1977,21.379674674016897),('ITA','NE.EXP.GNFS.ZS',1978,21.6787565348873),('ITA','NE.EXP.GNFS.ZS',1979,22.3852289852737),('ITA','NE.EXP.GNFS.ZS',1980,20.1860993931687),('ITA','NE.EXP.GNFS.ZS',1981,21.6653503549893),('ITA','NE.EXP.GNFS.ZS',1982,21.1199718886728),('ITA','NE.EXP.GNFS.ZS',1983,20.3329151022091),('ITA','NE.EXP.GNFS.ZS',1984,21.004616093227398),('ITA','NE.EXP.GNFS.ZS',1985,21.1125929121273),('ITA','NE.EXP.GNFS.ZS',1986,18.70392110969389),('ITA','NE.EXP.GNFS.ZS',1987,17.984050725836802),('ITA','NE.EXP.GNFS.ZS',1988,17.5779880251996),('ITA','NE.EXP.GNFS.ZS',1989,18.5166585152475),('ITA','NE.EXP.GNFS.ZS',1990,18.2594375395721),('ITA','NE.EXP.GNFS.ZS',1991,17.0360093702047),('ITA','NE.EXP.GNFS.ZS',1992,17.4791899115047),('ITA','NE.EXP.GNFS.ZS',1993,20.39909603111661),('ITA','NE.EXP.GNFS.ZS',1994,21.871088412579603),('ITA','NE.EXP.GNFS.ZS',1995,24.6724895248457),('ITA','NE.EXP.GNFS.ZS',1996,23.704682223754396),('ITA','NE.EXP.GNFS.ZS',1997,24.149790549301),('ITA','NE.EXP.GNFS.ZS',1998,24.0629522904606),('ITA','NE.EXP.GNFS.ZS',1999,23.2007416928655),('ITA','NE.EXP.GNFS.ZS',2000,25.6277321000853),('ITA','NE.EXP.GNFS.ZS',2001,25.6490116681011),('ITA','NE.EXP.GNFS.ZS',2002,24.4074673383008),('ITA','NE.EXP.GNFS.ZS',2003,23.3021929123911),('ITA','NE.EXP.GNFS.ZS',2004,24.009828419238506),('ITA','NE.EXP.GNFS.ZS',2005,24.601092381788202),('ITA','NE.EXP.GNFS.ZS',2006,26.1734884330826),('ITA','NE.EXP.GNFS.ZS',2007,27.361042253231602),('ITA','NE.EXP.GNFS.ZS',2008,26.862774694794396),('ITA','NE.EXP.GNFS.ZS',2009,22.399161733996397),('ITA','NE.EXP.GNFS.ZS',2010,25.0740498513169),('ITA','NE.EXP.GNFS.ZS',2011,26.872463466087602),('ITA','NE.EXP.GNFS.ZS',2012,28.3792428359574),('ITA','NE.EXP.GNFS.ZS',2013,28.6332430796987),('ITA','NE.EXP.GNFS.ZS',2014,29.108828186409106),('ITA','NE.EXP.GNFS.ZS',2015,29.715982372361196),('ITA','NE.EXP.GNFS.ZS',2016,29.331292981717702),('ITA','NE.EXP.GNFS.ZS',2017,30.8424072807019),('ITA','NE.EXP.GNFS.ZS',2018,31.453436556280604),('ITA','NE.IMP.GNFS.ZS',1970,14.935308764371701),('ITA','NE.IMP.GNFS.ZS',1971,14.816035770601001),('ITA','NE.IMP.GNFS.ZS',1972,15.509280868164401),('ITA','NE.IMP.GNFS.ZS',1973,17.959219069836603),('ITA','NE.IMP.GNFS.ZS',1974,22.2788766839637),('ITA','NE.IMP.GNFS.ZS',1975,18.668192322611002),('ITA','NE.IMP.GNFS.ZS',1976,21.1474477967059),('ITA','NE.IMP.GNFS.ZS',1977,20.4298823450946),('ITA','NE.IMP.GNFS.ZS',1978,19.58943103735211),('ITA','NE.IMP.GNFS.ZS',1979,21.325189867056398),('ITA','NE.IMP.GNFS.ZS',1980,22.7865569324763),('ITA','NE.IMP.GNFS.ZS',1981,23.616687603476898),('ITA','NE.IMP.GNFS.ZS',1982,22.3883172486198),('ITA','NE.IMP.GNFS.ZS',1983,19.8567789974307),('ITA','NE.IMP.GNFS.ZS',1984,21.431051345859306),('ITA','NE.IMP.GNFS.ZS',1985,21.52456206088589),('ITA','NE.IMP.GNFS.ZS',1986,17.459425899706098),('ITA','NE.IMP.GNFS.ZS',1987,17.5785578110803),('ITA','NE.IMP.GNFS.ZS',1988,17.533113495577098),('ITA','NE.IMP.GNFS.ZS',1989,18.536110777656802),('ITA','NE.IMP.GNFS.ZS',1990,18.0623118710358),('ITA','NE.IMP.GNFS.ZS',1991,16.8424279935829),('ITA','NE.IMP.GNFS.ZS',1992,17.434521704454),('ITA','NE.IMP.GNFS.ZS',1993,17.360133143678),('ITA','NE.IMP.GNFS.ZS',1994,18.5839402991086),('ITA','NE.IMP.GNFS.ZS',1995,21.012064641578103),('ITA','NE.IMP.GNFS.ZS',1996,19.174016111138602),('ITA','NE.IMP.GNFS.ZS',1997,20.4387154276353),('ITA','NE.IMP.GNFS.ZS',1998,21.0297859404713),('ITA','NE.IMP.GNFS.ZS',1999,21.4200491086453),('ITA','NE.IMP.GNFS.ZS',2000,24.7778577250385),('ITA','NE.IMP.GNFS.ZS',2001,24.3857929628241),('ITA','NE.IMP.GNFS.ZS',2002,23.6504569605133),('ITA','NE.IMP.GNFS.ZS',2003,22.846651865801),('ITA','NE.IMP.GNFS.ZS',2004,23.4205019696086),('ITA','NE.IMP.GNFS.ZS',2005,24.6999183803436),('ITA','NE.IMP.GNFS.ZS',2006,26.9946907515411),('ITA','NE.IMP.GNFS.ZS',2007,27.700413378466397),('ITA','NE.IMP.GNFS.ZS',2008,27.630101104024305),('ITA','NE.IMP.GNFS.ZS',2009,23.019600053485302),('ITA','NE.IMP.GNFS.ZS',2010,26.932138522965),('ITA','NE.IMP.GNFS.ZS',2011,28.2730589939396),('ITA','NE.IMP.GNFS.ZS',2012,27.2754780086443),('ITA','NE.IMP.GNFS.ZS',2013,26.2343363170751),('ITA','NE.IMP.GNFS.ZS',2014,26.213286964233106),('ITA','NE.IMP.GNFS.ZS',2015,26.702193789247602),('ITA','NE.IMP.GNFS.ZS',2016,26.042732851530598),('ITA','NE.IMP.GNFS.ZS',2017,27.8619485480206),('ITA','NE.IMP.GNFS.ZS',2018,28.95434483800869),('ITA','NE.TRD.GNFS.ZS',1970,30.098846361575603),('ITA','NE.TRD.GNFS.ZS',1971,30.3960905631045),('ITA','NE.TRD.GNFS.ZS',1972,31.822806559539103),('ITA','NE.TRD.GNFS.ZS',1973,34.06466657501),('ITA','NE.TRD.GNFS.ZS',1974,40.802895381343795),('ITA','NE.TRD.GNFS.ZS',1975,37.400447310615505),('ITA','NE.TRD.GNFS.ZS',1976,41.1921514990034),('ITA','NE.TRD.GNFS.ZS',1977,41.8095570191115),('ITA','NE.TRD.GNFS.ZS',1978,41.2681875722394),('ITA','NE.TRD.GNFS.ZS',1979,43.71041885233021),('ITA','NE.TRD.GNFS.ZS',1980,42.972656325645104),('ITA','NE.TRD.GNFS.ZS',1981,45.28203795846621),('ITA','NE.TRD.GNFS.ZS',1982,43.508289137292614),('ITA','NE.TRD.GNFS.ZS',1983,40.18969409963979),('ITA','NE.TRD.GNFS.ZS',1984,42.4356674390866),('ITA','NE.TRD.GNFS.ZS',1985,42.6371549730132),('ITA','NE.TRD.GNFS.ZS',1986,36.1633470093999),('ITA','NE.TRD.GNFS.ZS',1987,35.5626085369171),('ITA','NE.TRD.GNFS.ZS',1988,35.1111015207766),('ITA','NE.TRD.GNFS.ZS',1989,37.0527692929042),('ITA','NE.TRD.GNFS.ZS',1990,36.3217494106079),('ITA','NE.TRD.GNFS.ZS',1991,33.878437363787604),('ITA','NE.TRD.GNFS.ZS',1992,34.9137116159586),('ITA','NE.TRD.GNFS.ZS',1993,37.759229174794605),('ITA','NE.TRD.GNFS.ZS',1994,40.4550287116882),('ITA','NE.TRD.GNFS.ZS',1995,45.68455416642379),('ITA','NE.TRD.GNFS.ZS',1996,42.878698334892995),('ITA','NE.TRD.GNFS.ZS',1997,44.58850597693629),('ITA','NE.TRD.GNFS.ZS',1998,45.0927382309319),('ITA','NE.TRD.GNFS.ZS',1999,44.6207908015108),('ITA','NE.TRD.GNFS.ZS',2000,50.4055898251238),('ITA','NE.TRD.GNFS.ZS',2001,50.03480463092521),('ITA','NE.TRD.GNFS.ZS',2002,48.05792429881411),('ITA','NE.TRD.GNFS.ZS',2003,46.1488447781921),('ITA','NE.TRD.GNFS.ZS',2004,47.4303303888471),('ITA','NE.TRD.GNFS.ZS',2005,49.301010762131796),('ITA','NE.TRD.GNFS.ZS',2006,53.168179184623696),('ITA','NE.TRD.GNFS.ZS',2007,55.061455631697996),('ITA','NE.TRD.GNFS.ZS',2008,54.4928757988188),('ITA','NE.TRD.GNFS.ZS',2009,45.4187617874817),('ITA','NE.TRD.GNFS.ZS',2010,52.006188374281905),('ITA','NE.TRD.GNFS.ZS',2011,55.1455224600271),('ITA','NE.TRD.GNFS.ZS',2012,55.65472084460161),('ITA','NE.TRD.GNFS.ZS',2013,54.8675793967737),('ITA','NE.TRD.GNFS.ZS',2014,55.32211515064221),('ITA','NE.TRD.GNFS.ZS',2015,56.4181761616088),('ITA','NE.TRD.GNFS.ZS',2016,55.374025833248304),('ITA','NE.TRD.GNFS.ZS',2017,58.7043558287225),('ITA','NE.TRD.GNFS.ZS',2018,60.40778139428921),('ITA','NY.GDP.MKTP.KD.ZG',1961,8.20724591384771),('ITA','NY.GDP.MKTP.KD.ZG',1962,6.20365045787146),('ITA','NY.GDP.MKTP.KD.ZG',1963,5.60972797819814),('ITA','NY.GDP.MKTP.KD.ZG',1964,2.7977022791150703),('ITA','NY.GDP.MKTP.KD.ZG',1965,3.26802371964163),('ITA','NY.GDP.MKTP.KD.ZG',1966,5.98479422519729),('ITA','NY.GDP.MKTP.KD.ZG',1967,7.178612465561709),('ITA','NY.GDP.MKTP.KD.ZG',1968,6.54455465470546),('ITA','NY.GDP.MKTP.KD.ZG',1969,6.09805999558601),('ITA','NY.GDP.MKTP.KD.ZG',1970,5.268692965419652),('ITA','NY.GDP.MKTP.KD.ZG',1971,1.81810798630654),('ITA','NY.GDP.MKTP.KD.ZG',1972,3.6904857461655096),('ITA','NY.GDP.MKTP.KD.ZG',1973,7.12586229460925),('ITA','NY.GDP.MKTP.KD.ZG',1974,5.5001411386191705),('ITA','NY.GDP.MKTP.KD.ZG',1975,-2.090162915588),('ITA','NY.GDP.MKTP.KD.ZG',1976,7.12538514913332),('ITA','NY.GDP.MKTP.KD.ZG',1977,2.56050080289685),('ITA','NY.GDP.MKTP.KD.ZG',1978,3.24013979399651),('ITA','NY.GDP.MKTP.KD.ZG',1979,5.959159446029132),('ITA','NY.GDP.MKTP.KD.ZG',1980,3.4300163857928503),('ITA','NY.GDP.MKTP.KD.ZG',1981,0.844227625365292),('ITA','NY.GDP.MKTP.KD.ZG',1982,0.413585658811044),('ITA','NY.GDP.MKTP.KD.ZG',1983,1.16920350376),('ITA','NY.GDP.MKTP.KD.ZG',1984,3.2258523774842405),('ITA','NY.GDP.MKTP.KD.ZG',1985,2.79808572336518),('ITA','NY.GDP.MKTP.KD.ZG',1986,2.85997188873959),('ITA','NY.GDP.MKTP.KD.ZG',1987,3.19196061964053),('ITA','NY.GDP.MKTP.KD.ZG',1988,4.194377267786311),('ITA','NY.GDP.MKTP.KD.ZG',1989,3.38838351487503),('ITA','NY.GDP.MKTP.KD.ZG',1990,1.98577489860918),('ITA','NY.GDP.MKTP.KD.ZG',1991,1.5384475578756398),('ITA','NY.GDP.MKTP.KD.ZG',1992,0.834275460621242),('ITA','NY.GDP.MKTP.KD.ZG',1993,-0.85280574993206),('ITA','NY.GDP.MKTP.KD.ZG',1994,2.15102364473378),('ITA','NY.GDP.MKTP.KD.ZG',1995,2.88683673806503),('ITA','NY.GDP.MKTP.KD.ZG',1996,1.26678480191715),('ITA','NY.GDP.MKTP.KD.ZG',1997,1.83021223388438),('ITA','NY.GDP.MKTP.KD.ZG',1998,1.8106151619762296),('ITA','NY.GDP.MKTP.KD.ZG',1999,1.6257275993546),('ITA','NY.GDP.MKTP.KD.ZG',2000,3.78695514323979),('ITA','NY.GDP.MKTP.KD.ZG',2001,1.95137155605238),('ITA','NY.GDP.MKTP.KD.ZG',2002,0.25394299896845496),('ITA','NY.GDP.MKTP.KD.ZG',2003,0.138626890776507),('ITA','NY.GDP.MKTP.KD.ZG',2004,1.42359415817907),('ITA','NY.GDP.MKTP.KD.ZG',2005,0.817848973650598),('ITA','NY.GDP.MKTP.KD.ZG',2006,1.79063968081796),('ITA','NY.GDP.MKTP.KD.ZG',2007,1.4870729803678602),('ITA','NY.GDP.MKTP.KD.ZG',2008,-0.9620128405792908),('ITA','NY.GDP.MKTP.KD.ZG',2009,-5.280937208293099),('ITA','NY.GDP.MKTP.KD.ZG',2010,1.71329583916922),('ITA','NY.GDP.MKTP.KD.ZG',2011,0.7073333470344352),('ITA','NY.GDP.MKTP.KD.ZG',2012,-2.98090576823772),('ITA','NY.GDP.MKTP.KD.ZG',2013,-1.84106545088248),('ITA','NY.GDP.MKTP.KD.ZG',2014,-0.0045475423638379215),('ITA','NY.GDP.MKTP.KD.ZG',2015,0.7783043507165809),('ITA','NY.GDP.MKTP.KD.ZG',2016,1.27967112794536),('ITA','NY.GDP.MKTP.KD.ZG',2017,1.71616738086655),('ITA','NY.GDP.MKTP.KD.ZG',2018,0.77434001307563),('ITA','NY.GDP.MKTP.KN',1960,438315748765.408),('ITA','NY.GDP.MKTP.KN',1961,474289400145.708),('ITA','NY.GDP.MKTP.KN',1962,503712656689.483),('ITA','NY.GDP.MKTP.KN',1963,531969566521.5179),('ITA','NY.GDP.MKTP.KN',1964,546852491208.289),('ITA','NY.GDP.MKTP.KN',1965,564723760332.427),('ITA','NY.GDP.MKTP.KN',1966,598521315329.119),('ITA','NY.GDP.MKTP.KN',1967,641486841080.379),('ITA','NY.GDP.MKTP.KN',1968,683469297997.6279),('ITA','NY.GDP.MKTP.KN',1969,725147665840.9341),('ITA','NY.GDP.MKTP.KN',1970,763353469900),('ITA','NY.GDP.MKTP.KN',1971,777232060300),('ITA','NY.GDP.MKTP.KN',1972,805915698700),('ITA','NY.GDP.MKTP.KN',1973,863344141600),('ITA','NY.GDP.MKTP.KN',1974,910829287900),('ITA','NY.GDP.MKTP.KN',1975,891791471900),('ITA','NY.GDP.MKTP.KN',1976,955335049000),('ITA','NY.GDP.MKTP.KN',1977,979796410600),('ITA','NY.GDP.MKTP.KN',1978,1011543184000),('ITA','NY.GDP.MKTP.KN',1979,1071822655200),('ITA','NY.GDP.MKTP.KN',1980,1108586347900),('ITA','NY.GDP.MKTP.KN',1981,1117945340100),('ITA','NY.GDP.MKTP.KN',1982,1122569001700),('ITA','NY.GDP.MKTP.KN',1983,1135694117800),('ITA','NY.GDP.MKTP.KN',1984,1172329933500),('ITA','NY.GDP.MKTP.KN',1985,1205132730000),('ITA','NY.GDP.MKTP.KN',1986,1239599187300),('ITA','NY.GDP.MKTP.KN',1987,1279166705200),('ITA','NY.GDP.MKTP.KN',1988,1332819782700),('ITA','NY.GDP.MKTP.KN',1989,1377980828500),('ITA','NY.GDP.MKTP.KN',1990,1405344425900),('ITA','NY.GDP.MKTP.KN',1991,1426964912900),('ITA','NY.GDP.MKTP.KN',1992,1438869731000),('ITA','NY.GDP.MKTP.KN',1993,1426598967200),('ITA','NY.GDP.MKTP.KN',1994,1457285448300),('ITA','NY.GDP.MKTP.KN',1995,1499354900000),('ITA','NY.GDP.MKTP.KN',1996,1518348500000),('ITA','NY.GDP.MKTP.KN',1997,1546137500000),('ITA','NY.GDP.MKTP.KN',1998,1574132100000),('ITA','NY.GDP.MKTP.KN',1999,1599723200000),('ITA','NY.GDP.MKTP.KN',2000,1660304000000),('ITA','NY.GDP.MKTP.KN',2001,1692702700000),('ITA','NY.GDP.MKTP.KN',2002,1697001200000),('ITA','NY.GDP.MKTP.KN',2003,1699353700000),('ITA','NY.GDP.MKTP.KN',2004,1723545600000),('ITA','NY.GDP.MKTP.KN',2005,1737641600000),('ITA','NY.GDP.MKTP.KN',2006,1768756500000),('ITA','NY.GDP.MKTP.KN',2007,1795059200000),('ITA','NY.GDP.MKTP.KN',2008,1777790500000),('ITA','NY.GDP.MKTP.KN',2009,1683906500000),('ITA','NY.GDP.MKTP.KN',2010,1712756800000),('ITA','NY.GDP.MKTP.KN',2011,1724871700000),('ITA','NY.GDP.MKTP.KN',2012,1673454900000),('ITA','NY.GDP.MKTP.KN',2013,1642645500000),('ITA','NY.GDP.MKTP.KN',2014,1642570800000),('ITA','NY.GDP.MKTP.KN',2015,1655355000000),('ITA','NY.GDP.MKTP.KN',2016,1676538100000),('ITA','NY.GDP.MKTP.KN',2017,1705310300000),('ITA','NY.GDP.MKTP.KN',2018,1718515200000),('ITA','NY.GDP.PCAP.KD.ZG',1961,7.48641883914016),('ITA','NY.GDP.PCAP.KD.ZG',1962,5.4874777698393205),('ITA','NY.GDP.PCAP.KD.ZG',1963,4.842052489275232),('ITA','NY.GDP.PCAP.KD.ZG',1964,1.95553270968082),('ITA','NY.GDP.PCAP.KD.ZG',1965,2.4020461468496803),('ITA','NY.GDP.PCAP.KD.ZG',1966,5.164163280745241),('ITA','NY.GDP.PCAP.KD.ZG',1967,6.40567760378134),('ITA','NY.GDP.PCAP.KD.ZG',1968,5.87359459594813),('ITA','NY.GDP.PCAP.KD.ZG',1969,5.49917950556602),('ITA','NY.GDP.PCAP.KD.ZG',1970,4.71342067483722),('ITA','NY.GDP.PCAP.KD.ZG',1971,1.34428044727264),('ITA','NY.GDP.PCAP.KD.ZG',1972,3.10348970019818),('ITA','NY.GDP.PCAP.KD.ZG',1973,6.40180593473045),('ITA','NY.GDP.PCAP.KD.ZG',1974,4.81201385791708),('ITA','NY.GDP.PCAP.KD.ZG',1975,-2.67318392284196),('ITA','NY.GDP.PCAP.KD.ZG',1976,6.592319738241731),('ITA','NY.GDP.PCAP.KD.ZG',1977,2.12582746405019),('ITA','NY.GDP.PCAP.KD.ZG',1978,2.8729363910716),('ITA','NY.GDP.PCAP.KD.ZG',1979,5.65322401027726),('ITA','NY.GDP.PCAP.KD.ZG',1980,3.21717011535372),('ITA','NY.GDP.PCAP.KD.ZG',1981,0.723232418069614),('ITA','NY.GDP.PCAP.KD.ZG',1982,0.339224954168117),('ITA','NY.GDP.PCAP.KD.ZG',1983,1.13249117163346),('ITA','NY.GDP.PCAP.KD.ZG',1984,3.2027830351187),('ITA','NY.GDP.PCAP.KD.ZG',1985,2.7683814315476503),('ITA','NY.GDP.PCAP.KD.ZG',1986,2.85436691162933),('ITA','NY.GDP.PCAP.KD.ZG',1987,3.1814302940136496),('ITA','NY.GDP.PCAP.KD.ZG',1988,4.14404208471082),('ITA','NY.GDP.PCAP.KD.ZG',1989,3.3108619952902103),('ITA','NY.GDP.PCAP.KD.ZG',1990,1.90043978320719),('ITA','NY.GDP.PCAP.KD.ZG',1991,1.46817561124544),('ITA','NY.GDP.PCAP.KD.ZG',1992,0.7658076064967221),('ITA','NY.GDP.PCAP.KD.ZG',1993,-0.913401708049989),('ITA','NY.GDP.PCAP.KD.ZG',1994,2.13021548225964),('ITA','NY.GDP.PCAP.KD.ZG',1995,2.88520232953732),('ITA','NY.GDP.PCAP.KD.ZG',1996,1.2383283704836598),('ITA','NY.GDP.PCAP.KD.ZG',1997,1.77635122351289),('ITA','NY.GDP.PCAP.KD.ZG',1998,1.7813243736747102),('ITA','NY.GDP.PCAP.KD.ZG',1999,1.6086347314111298),('ITA','NY.GDP.PCAP.KD.ZG',2000,3.73994653301939),('ITA','NY.GDP.PCAP.KD.ZG',2001,1.89412399481279),('ITA','NY.GDP.PCAP.KD.ZG',2002,0.104759513559856),('ITA','NY.GDP.PCAP.KD.ZG',2003,-0.305508789463318),('ITA','NY.GDP.PCAP.KD.ZG',2004,0.769317663351927),('ITA','NY.GDP.PCAP.KD.ZG',2005,0.323656244406962),('ITA','NY.GDP.PCAP.KD.ZG',2006,1.4851573595770202),('ITA','NY.GDP.PCAP.KD.ZG',2007,0.975922132963376),('ITA','NY.GDP.PCAP.KD.ZG',2008,-1.6159406274292702),('ITA','NY.GDP.PCAP.KD.ZG',2009,-5.71150838276657),('ITA','NY.GDP.PCAP.KD.ZG',2010,1.4009153429996202),('ITA','NY.GDP.PCAP.KD.ZG',2011,0.5342874395848161),('ITA','NY.GDP.PCAP.KD.ZG',2012,-3.24206011995115),('ITA','NY.GDP.PCAP.KD.ZG',2013,-2.97240379999698),('ITA','NY.GDP.PCAP.KD.ZG',2014,-0.917813879753353),('ITA','NY.GDP.PCAP.KD.ZG',2015,0.875477401786128),('ITA','NY.GDP.PCAP.KD.ZG',2016,1.4518753910761395),('ITA','NY.GDP.PCAP.KD.ZG',2017,1.8687146414112696),('ITA','NY.GDP.PCAP.KD.ZG',2018,0.950146897238895),('ITA','NY.GDY.TOTL.KN',1970,774409676689.875),('ITA','NY.GDY.TOTL.KN',1971,788412115692.591),('ITA','NY.GDY.TOTL.KN',1972,819484299349.555),('ITA','NY.GDY.TOTL.KN',1973,864575802744.792),('ITA','NY.GDY.TOTL.KN',1974,900766863756.375),('ITA','NY.GDY.TOTL.KN',1975,883366141635.843),('ITA','NY.GDY.TOTL.KN',1976,941347659188.668),('ITA','NY.GDY.TOTL.KN',1977,965864327910.842),('ITA','NY.GDY.TOTL.KN',1978,997497558394.672),('ITA','NY.GDY.TOTL.KN',1979,1054626883183.98),('ITA','NY.GDY.TOTL.KN',1980,1089280875648.7),('ITA','NY.GDY.TOTL.KN',1981,1092205897329.69),('ITA','NY.GDY.TOTL.KN',1982,1102369868115.33),('ITA','NY.GDY.TOTL.KN',1983,1116588687550.74),('ITA','NY.GDY.TOTL.KN',1984,1152146776267.98),('ITA','NY.GDY.TOTL.KN',1985,1185392645012.76),('ITA','NY.GDY.TOTL.KN',1986,1240254640909.66),('ITA','NY.GDY.TOTL.KN',1987,1284991774719.59),('ITA','NY.GDY.TOTL.KN',1988,1336364407271.6),('ITA','NY.GDY.TOTL.KN',1989,1381096245173.49),('ITA','NY.GDY.TOTL.KN',1990,1419205742512.04),('ITA','NY.GDY.TOTL.KN',1991,1449858982621.96),('ITA','NY.GDY.TOTL.KN',1992,1460712349151.4),('ITA','NY.GDY.TOTL.KN',1993,1437776035342.43),('ITA','NY.GDY.TOTL.KN',1994,1465749874329.92),('ITA','NY.GDY.TOTL.KN',1995,1499351339026.72),('ITA','NY.GDY.TOTL.KN',1996,1526562125164.48),('ITA','NY.GDY.TOTL.KN',1997,1556312846234.19),('ITA','NY.GDY.TOTL.KN',1998,1594687630339.33),('ITA','NY.GDY.TOTL.KN',1999,1619684359135.71),('ITA','NY.GDY.TOTL.KN',2000,1660452414905),('ITA','NY.GDY.TOTL.KN',2001,1699008987975.44),('ITA','NY.GDY.TOTL.KN',2002,1709065605126.03),('ITA','NY.GDY.TOTL.KN',2003,1714676098574.1),('ITA','NY.GDY.TOTL.KN',2004,1735771631641.32),('ITA','NY.GDY.TOTL.KN',2005,1738964023184.36),('ITA','NY.GDY.TOTL.KN',2006,1756762390666.88),('ITA','NY.GDY.TOTL.KN',2007,1787732676980.88),('ITA','NY.GDY.TOTL.KN',2008,1759555205052.95),('ITA','NY.GDY.TOTL.KN',2009,1690169781388.68),('ITA','NY.GDY.TOTL.KN',2010,1702559838447.11),('ITA','NY.GDY.TOTL.KN',2011,1702670481330.26),('ITA','NY.GDY.TOTL.KN',2012,1644611177731.08),('ITA','NY.GDY.TOTL.KN',2013,1620948682804.41),('ITA','NY.GDY.TOTL.KN',2014,1631869546119.2),('ITA','NY.GDY.TOTL.KN',2015,1655355000000),('ITA','NY.GDY.TOTL.KN',2016,1692926672582.31),('ITA','NY.GDY.TOTL.KN',2017,1714374950721.8),('ITA','NY.GDY.TOTL.KN',2018,1723657973594.62),('ITA','SP.DYN.LE00.IN',1960,69.1239024390244),('ITA','SP.DYN.LE00.IN',1961,69.760243902439),('ITA','SP.DYN.LE00.IN',1962,69.149756097561),('ITA','SP.DYN.LE00.IN',1963,69.24804878048779),('ITA','SP.DYN.LE00.IN',1964,70.3117073170732),('ITA','SP.DYN.LE00.IN',1965,70.1717073170732),('ITA','SP.DYN.LE00.IN',1966,70.92609756097559),('ITA','SP.DYN.LE00.IN',1967,70.9565853658537),('ITA','SP.DYN.LE00.IN',1968,70.78),('ITA','SP.DYN.LE00.IN',1969,70.81195121951221),('ITA','SP.DYN.LE00.IN',1970,71.55878048780491),('ITA','SP.DYN.LE00.IN',1971,71.8068292682927),('ITA','SP.DYN.LE00.IN',1972,72.0753658536586),('ITA','SP.DYN.LE00.IN',1973,72.0263414634146),('ITA','SP.DYN.LE00.IN',1974,72.7343902439025),('ITA','SP.DYN.LE00.IN',1975,72.6473170731708),('ITA','SP.DYN.LE00.IN',1976,72.9919512195122),('ITA','SP.DYN.LE00.IN',1977,73.3646341463415),('ITA','SP.DYN.LE00.IN',1978,73.6931707317073),('ITA','SP.DYN.LE00.IN',1979,74.0026829268293),('ITA','SP.DYN.LE00.IN',1980,73.9431707317073),('ITA','SP.DYN.LE00.IN',1981,74.35390243902441),('ITA','SP.DYN.LE00.IN',1982,74.81463414634149),('ITA','SP.DYN.LE00.IN',1983,74.640243902439),('ITA','SP.DYN.LE00.IN',1984,75.38951219512201),('ITA','SP.DYN.LE00.IN',1985,75.4707317073171),('ITA','SP.DYN.LE00.IN',1986,75.7707317073171),('ITA','SP.DYN.LE00.IN',1987,76.21951219512201),('ITA','SP.DYN.LE00.IN',1988,76.37073170731709),('ITA','SP.DYN.LE00.IN',1989,76.819512195122),('ITA','SP.DYN.LE00.IN',1990,76.9707317073171),('ITA','SP.DYN.LE00.IN',1991,77.0195121951219),('ITA','SP.DYN.LE00.IN',1992,77.41951219512201),('ITA','SP.DYN.LE00.IN',1993,77.7219512195122),('ITA','SP.DYN.LE00.IN',1994,77.92195121951221),('ITA','SP.DYN.LE00.IN',1995,78.17073170731709),('ITA','SP.DYN.LE00.IN',1996,78.5219512195122),('ITA','SP.DYN.LE00.IN',1997,78.8243902439024),('ITA','SP.DYN.LE00.IN',1998,78.9756097560976),('ITA','SP.DYN.LE00.IN',1999,79.42439024390241),('ITA','SP.DYN.LE00.IN',2000,79.7780487804878),('ITA','SP.DYN.LE00.IN',2001,80.12682926829271),('ITA','SP.DYN.LE00.IN',2002,80.2292682926829),('ITA','SP.DYN.LE00.IN',2003,79.9829268292683),('ITA','SP.DYN.LE00.IN',2004,80.78048780487809),('ITA','SP.DYN.LE00.IN',2005,80.78292682926829),('ITA','SP.DYN.LE00.IN',2006,81.28292682926829),('ITA','SP.DYN.LE00.IN',2007,81.4341463414634),('ITA','SP.DYN.LE00.IN',2008,81.48536585365859),('ITA','SP.DYN.LE00.IN',2009,81.6365853658537),('ITA','SP.DYN.LE00.IN',2010,82.0365853658537),('ITA','SP.DYN.LE00.IN',2011,82.1878048780488),('ITA','SP.DYN.LE00.IN',2012,82.2390243902439),('ITA','SP.DYN.LE00.IN',2013,82.69024390243901),('ITA','SP.DYN.LE00.IN',2014,83.090243902439),('ITA','SP.DYN.LE00.IN',2015,82.54390243902441),('ITA','SP.DYN.LE00.IN',2016,83.24390243902441),('ITA','SP.DYN.LE00.IN',2017,83.24390243902441),('ITA','SP.DYN.TFRT.IN',1960,2.37),('ITA','SP.DYN.TFRT.IN',1961,2.42),('ITA','SP.DYN.TFRT.IN',1962,2.44),('ITA','SP.DYN.TFRT.IN',1963,2.5),('ITA','SP.DYN.TFRT.IN',1964,2.65),('ITA','SP.DYN.TFRT.IN',1965,2.59),('ITA','SP.DYN.TFRT.IN',1966,2.57),('ITA','SP.DYN.TFRT.IN',1967,2.5),('ITA','SP.DYN.TFRT.IN',1968,2.49),('ITA','SP.DYN.TFRT.IN',1969,2.46),('ITA','SP.DYN.TFRT.IN',1970,2.38),('ITA','SP.DYN.TFRT.IN',1971,2.4),('ITA','SP.DYN.TFRT.IN',1972,2.35),('ITA','SP.DYN.TFRT.IN',1973,2.3),('ITA','SP.DYN.TFRT.IN',1974,2.28),('ITA','SP.DYN.TFRT.IN',1975,2.17),('ITA','SP.DYN.TFRT.IN',1976,2.04),('ITA','SP.DYN.TFRT.IN',1977,1.93),('ITA','SP.DYN.TFRT.IN',1978,1.84),('ITA','SP.DYN.TFRT.IN',1979,1.73),('ITA','SP.DYN.TFRT.IN',1980,1.64),('ITA','SP.DYN.TFRT.IN',1981,1.58),('ITA','SP.DYN.TFRT.IN',1982,1.56),('ITA','SP.DYN.TFRT.IN',1983,1.51),('ITA','SP.DYN.TFRT.IN',1984,1.46),('ITA','SP.DYN.TFRT.IN',1985,1.42),('ITA','SP.DYN.TFRT.IN',1986,1.35),('ITA','SP.DYN.TFRT.IN',1987,1.33),('ITA','SP.DYN.TFRT.IN',1988,1.36),('ITA','SP.DYN.TFRT.IN',1989,1.33),('ITA','SP.DYN.TFRT.IN',1990,1.33),('ITA','SP.DYN.TFRT.IN',1991,1.3),('ITA','SP.DYN.TFRT.IN',1992,1.3),('ITA','SP.DYN.TFRT.IN',1993,1.25),('ITA','SP.DYN.TFRT.IN',1994,1.21),('ITA','SP.DYN.TFRT.IN',1995,1.19),('ITA','SP.DYN.TFRT.IN',1996,1.2),('ITA','SP.DYN.TFRT.IN',1997,1.21),('ITA','SP.DYN.TFRT.IN',1998,1.21),('ITA','SP.DYN.TFRT.IN',1999,1.23),('ITA','SP.DYN.TFRT.IN',2000,1.26),('ITA','SP.DYN.TFRT.IN',2001,1.25),('ITA','SP.DYN.TFRT.IN',2002,1.27),('ITA','SP.DYN.TFRT.IN',2003,1.29),('ITA','SP.DYN.TFRT.IN',2004,1.34),('ITA','SP.DYN.TFRT.IN',2005,1.34),('ITA','SP.DYN.TFRT.IN',2006,1.37),('ITA','SP.DYN.TFRT.IN',2007,1.4),('ITA','SP.DYN.TFRT.IN',2008,1.45),('ITA','SP.DYN.TFRT.IN',2009,1.45),('ITA','SP.DYN.TFRT.IN',2010,1.46),('ITA','SP.DYN.TFRT.IN',2011,1.44),('ITA','SP.DYN.TFRT.IN',2012,1.43),('ITA','SP.DYN.TFRT.IN',2013,1.39),('ITA','SP.DYN.TFRT.IN',2014,1.37),('ITA','SP.DYN.TFRT.IN',2015,1.35),('ITA','SP.DYN.TFRT.IN',2016,1.34),('ITA','SP.DYN.TFRT.IN',2017,1.34),('ITA','SP.POP.TOTL',1960,50199700),('ITA','SP.POP.TOTL',1961,50536350),('ITA','SP.POP.TOTL',1962,50879450),('ITA','SP.POP.TOTL',1963,51252000),('ITA','SP.POP.TOTL',1964,51675350),('ITA','SP.POP.TOTL',1965,52112350),('ITA','SP.POP.TOTL',1966,52519000),('ITA','SP.POP.TOTL',1967,52900500),('ITA','SP.POP.TOTL',1968,53235750),('ITA','SP.POP.TOTL',1969,53537950),('ITA','SP.POP.TOTL',1970,53821850),('ITA','SP.POP.TOTL',1971,54073490),('ITA','SP.POP.TOTL',1972,54381345),('ITA','SP.POP.TOTL',1973,54751406),('ITA','SP.POP.TOTL',1974,55110868),('ITA','SP.POP.TOTL',1975,55441001),('ITA','SP.POP.TOTL',1976,55718260),('ITA','SP.POP.TOTL',1977,55955411),('ITA','SP.POP.TOTL',1978,56155143),('ITA','SP.POP.TOTL',1979,56317749),('ITA','SP.POP.TOTL',1980,56433883),('ITA','SP.POP.TOTL',1981,56501675),('ITA','SP.POP.TOTL',1982,56543548),('ITA','SP.POP.TOTL',1983,56564074),('ITA','SP.POP.TOTL',1984,56576718),('ITA','SP.POP.TOTL',1985,56593071),('ITA','SP.POP.TOTL',1986,56596155),('ITA','SP.POP.TOTL',1987,56601931),('ITA','SP.POP.TOTL',1988,56629288),('ITA','SP.POP.TOTL',1989,56671781),('ITA','SP.POP.TOTL',1990,56719240),('ITA','SP.POP.TOTL',1991,56758521),('ITA','SP.POP.TOTL',1992,56797087),('ITA','SP.POP.TOTL',1993,56831821),('ITA','SP.POP.TOTL',1994,56843400),('ITA','SP.POP.TOTL',1995,56844303),('ITA','SP.POP.TOTL',1996,56860281),('ITA','SP.POP.TOTL',1997,56890372),('ITA','SP.POP.TOTL',1998,56906744),('ITA','SP.POP.TOTL',1999,56916317),('ITA','SP.POP.TOTL',2000,56942108),('ITA','SP.POP.TOTL',2001,56974100),('ITA','SP.POP.TOTL',2002,57059007),('ITA','SP.POP.TOTL',2003,57313203),('ITA','SP.POP.TOTL',2004,57685327),('ITA','SP.POP.TOTL',2005,57969484),('ITA','SP.POP.TOTL',2006,58143979),('ITA','SP.POP.TOTL',2007,58438310),('ITA','SP.POP.TOTL',2008,58826731),('ITA','SP.POP.TOTL',2009,59095365),('ITA','SP.POP.TOTL',2010,59277417),('ITA','SP.POP.TOTL',2011,59379449),('ITA','SP.POP.TOTL',2012,59539717),('ITA','SP.POP.TOTL',2013,60233948),('ITA','SP.POP.TOTL',2014,60789140),('ITA','SP.POP.TOTL',2015,60730582),('ITA','SP.POP.TOTL',2016,60627498),('ITA','SP.POP.TOTL',2017,60536709),('ITA','SP.POP.TOTL',2018,60431283),('JPN','EN.ATM.CO2E.PC',1960,2.5165375193571804),('JPN','EN.ATM.CO2E.PC',1961,2.98197938763258),('JPN','EN.ATM.CO2E.PC',1962,3.05973635111445),('JPN','EN.ATM.CO2E.PC',1963,3.35932077635004),('JPN','EN.ATM.CO2E.PC',1964,3.67303507247562),('JPN','EN.ATM.CO2E.PC',1965,3.91290553482398),('JPN','EN.ATM.CO2E.PC',1966,4.20626470588235),('JPN','EN.ATM.CO2E.PC',1967,4.863557845619259),('JPN','EN.ATM.CO2E.PC',1968,5.5665931566083895),('JPN','EN.ATM.CO2E.PC',1969,6.33852316519986),('JPN','EN.ATM.CO2E.PC',1970,7.368088744070151),('JPN','EN.ATM.CO2E.PC',1971,7.5455610282221794),('JPN','EN.ATM.CO2E.PC',1972,7.961462467813559),('JPN','EN.ATM.CO2E.PC',1973,8.47295875239408),('JPN','EN.ATM.CO2E.PC',1974,8.31387944118662),('JPN','EN.ATM.CO2E.PC',1975,7.77267068965517),('JPN','EN.ATM.CO2E.PC',1976,8.0597194314141),('JPN','EN.ATM.CO2E.PC',1977,8.21349643870265),('JPN','EN.ATM.CO2E.PC',1978,7.8668572472976),('JPN','EN.ATM.CO2E.PC',1979,8.24734788987659),('JPN','EN.ATM.CO2E.PC',1980,8.11401701460842),('JPN','EN.ATM.CO2E.PC',1981,7.90159205426357),('JPN','EN.ATM.CO2E.PC',1982,7.599902312387612),('JPN','EN.ATM.CO2E.PC',1983,7.41108574614914),('JPN','EN.ATM.CO2E.PC',1984,7.833248279424749),('JPN','EN.ATM.CO2E.PC',1985,7.580675397916419),('JPN','EN.ATM.CO2E.PC',1986,7.5341136700358895),('JPN','EN.ATM.CO2E.PC',1987,7.4185184165909),('JPN','EN.ATM.CO2E.PC',1988,8.06669419229609),('JPN','EN.ATM.CO2E.PC',1989,8.32994809772897),('JPN','EN.ATM.CO2E.PC',1990,8.87329283534488),('JPN','EN.ATM.CO2E.PC',1991,8.87163005463158),('JPN','EN.ATM.CO2E.PC',1992,9.04657923673216),('JPN','EN.ATM.CO2E.PC',1993,8.91217979540053),('JPN','EN.ATM.CO2E.PC',1994,9.38945208505054),('JPN','EN.ATM.CO2E.PC',1995,9.434444176053699),('JPN','EN.ATM.CO2E.PC',1996,9.579507892204813),('JPN','EN.ATM.CO2E.PC',1997,9.52575807769501),('JPN','EN.ATM.CO2E.PC',1998,9.16004415348101),('JPN','EN.ATM.CO2E.PC',1999,9.44884294525037),('JPN','EN.ATM.CO2E.PC',2000,9.62235162366075),('JPN','EN.ATM.CO2E.PC',2001,9.464308708680367),('JPN','EN.ATM.CO2E.PC',2002,9.57313013456785),('JPN','EN.ATM.CO2E.PC',2003,9.725282058911038),('JPN','EN.ATM.CO2E.PC',2004,9.90920349715484),('JPN','EN.ATM.CO2E.PC',2005,9.698882518215902),('JPN','EN.ATM.CO2E.PC',2006,9.632048617954851),('JPN','EN.ATM.CO2E.PC',2007,9.78296389871954),('JPN','EN.ATM.CO2E.PC',2008,9.44953397156087),('JPN','EN.ATM.CO2E.PC',2009,8.62081638773263),('JPN','EN.ATM.CO2E.PC',2010,9.14831603810416),('JPN','EN.ATM.CO2E.PC',2011,9.31742666604085),('JPN','EN.ATM.CO2E.PC',2012,9.638628289808741),('JPN','EN.ATM.CO2E.PC',2013,9.780815065322301),('JPN','EN.ATM.CO2E.PC',2014,9.53870610327163),('JPN','NE.EXP.GNFS.ZS',1970,10.3602229312099),('JPN','NE.EXP.GNFS.ZS',1971,11.229028010519901),('JPN','NE.EXP.GNFS.ZS',1972,10.147105736298501),('JPN','NE.EXP.GNFS.ZS',1973,9.62229849244582),('JPN','NE.EXP.GNFS.ZS',1974,13.038556616788304),('JPN','NE.EXP.GNFS.ZS',1975,12.2686467170753),('JPN','NE.EXP.GNFS.ZS',1976,12.996827067188196),('JPN','NE.EXP.GNFS.ZS',1977,12.554298937165301),('JPN','NE.EXP.GNFS.ZS',1978,10.660099006654699),('JPN','NE.EXP.GNFS.ZS',1979,11.0896497463554),('JPN','NE.EXP.GNFS.ZS',1980,13.1270794590245),('JPN','NE.EXP.GNFS.ZS',1981,14.1210434671338),('JPN','NE.EXP.GNFS.ZS',1982,13.920702663297696),('JPN','NE.EXP.GNFS.ZS',1983,13.297318457358699),('JPN','NE.EXP.GNFS.ZS',1984,14.3932225711195),('JPN','NE.EXP.GNFS.ZS',1985,13.893151046193099),('JPN','NE.EXP.GNFS.ZS',1986,10.912335504908302),('JPN','NE.EXP.GNFS.ZS',1987,9.93740498898425),('JPN','NE.EXP.GNFS.ZS',1988,9.5745010560373),('JPN','NE.EXP.GNFS.ZS',1989,10.1117898476141),('JPN','NE.EXP.GNFS.ZS',1990,10.21975999127),('JPN','NE.EXP.GNFS.ZS',1991,9.7860723121728),('JPN','NE.EXP.GNFS.ZS',1992,9.69207915552146),('JPN','NE.EXP.GNFS.ZS',1993,9.0778552406565),('JPN','NE.EXP.GNFS.ZS',1994,9.0036501742541),('JPN','NE.EXP.GNFS.ZS',1995,8.97179683136026),('JPN','NE.EXP.GNFS.ZS',1996,9.47906921723545),('JPN','NE.EXP.GNFS.ZS',1997,10.548851664115801),('JPN','NE.EXP.GNFS.ZS',1998,10.524480233933302),('JPN','NE.EXP.GNFS.ZS',1999,9.9517600054498),('JPN','NE.EXP.GNFS.ZS',2000,10.6244850068159),('JPN','NE.EXP.GNFS.ZS',2001,10.229099148191699),('JPN','NE.EXP.GNFS.ZS',2002,11.0182210299423),('JPN','NE.EXP.GNFS.ZS',2003,11.6392934662293),('JPN','NE.EXP.GNFS.ZS',2004,12.972032307711801),('JPN','NE.EXP.GNFS.ZS',2005,14.012441121792),('JPN','NE.EXP.GNFS.ZS',2006,15.872902296292699),('JPN','NE.EXP.GNFS.ZS',2007,17.4933165716298),('JPN','NE.EXP.GNFS.ZS',2008,17.4240377234641),('JPN','NE.EXP.GNFS.ZS',2009,12.5209141554358),('JPN','NE.EXP.GNFS.ZS',2010,15.036756983407097),('JPN','NE.EXP.GNFS.ZS',2011,14.924996209874301),('JPN','NE.EXP.GNFS.ZS',2012,14.544752556382699),('JPN','NE.EXP.GNFS.ZS',2013,15.9153981234384),('JPN','NE.EXP.GNFS.ZS',2014,17.540301551347),('JPN','NE.EXP.GNFS.ZS',2015,17.6109755367671),('JPN','NE.EXP.GNFS.ZS',2016,16.252763129810802),('JPN','NE.EXP.GNFS.ZS',2017,17.774226278562697),('JPN','NE.EXP.GNFS.ZS',2018,18.448297502155498),('JPN','NE.IMP.GNFS.ZS',1970,9.20592189438483),('JPN','NE.IMP.GNFS.ZS',1971,8.68908892844508),('JPN','NE.IMP.GNFS.ZS',1972,7.99805850021968),('JPN','NE.IMP.GNFS.ZS',1973,9.675832990243661),('JPN','NE.IMP.GNFS.ZS',1974,13.865798165796402),('JPN','NE.IMP.GNFS.ZS',1975,12.329324892632599),('JPN','NE.IMP.GNFS.ZS',1976,12.329435161781301),('JPN','NE.IMP.GNFS.ZS',1977,11.0747877547151),('JPN','NE.IMP.GNFS.ZS',1978,9.0672082701821),('JPN','NE.IMP.GNFS.ZS',1979,12.0544257312681),('JPN','NE.IMP.GNFS.ZS',1980,14.100682224148901),('JPN','NE.IMP.GNFS.ZS',1981,13.5077950546571),('JPN','NE.IMP.GNFS.ZS',1982,13.372507803044801),('JPN','NE.IMP.GNFS.ZS',1983,11.7627975790364),('JPN','NE.IMP.GNFS.ZS',1984,11.9473611770638),('JPN','NE.IMP.GNFS.ZS',1985,10.7028463885209),('JPN','NE.IMP.GNFS.ZS',1986,7.2387545069885375),('JPN','NE.IMP.GNFS.ZS',1987,7.168959032765),('JPN','NE.IMP.GNFS.ZS',1988,7.61088645655665),('JPN','NE.IMP.GNFS.ZS',1989,8.76042246483375),('JPN','NE.IMP.GNFS.ZS',1990,9.44298883288122),('JPN','NE.IMP.GNFS.ZS',1991,8.28787019613317),('JPN','NE.IMP.GNFS.ZS',1992,7.637724878690442),('JPN','NE.IMP.GNFS.ZS',1993,6.93602346903134),('JPN','NE.IMP.GNFS.ZS',1994,7.100822131616432),('JPN','NE.IMP.GNFS.ZS',1995,7.707685052747903),('JPN','NE.IMP.GNFS.ZS',1996,9.0454309367184),('JPN','NE.IMP.GNFS.ZS',1997,9.49188652840768),('JPN','NE.IMP.GNFS.ZS',1998,8.70754147415809),('JPN','NE.IMP.GNFS.ZS',1999,8.39719981726225),('JPN','NE.IMP.GNFS.ZS',2000,9.195167702665241),('JPN','NE.IMP.GNFS.ZS',2001,9.56902897677842),('JPN','NE.IMP.GNFS.ZS',2002,9.667390329431287),('JPN','NE.IMP.GNFS.ZS',2003,9.943835931926358),('JPN','NE.IMP.GNFS.ZS',2004,10.9503241482064),('JPN','NE.IMP.GNFS.ZS',2005,12.5030526614629),('JPN','NE.IMP.GNFS.ZS',2006,14.458879322927),('JPN','NE.IMP.GNFS.ZS',2007,15.6005719141407),('JPN','NE.IMP.GNFS.ZS',2008,16.974982701693097),('JPN','NE.IMP.GNFS.ZS',2009,11.969985761009701),('JPN','NE.IMP.GNFS.ZS',2010,13.5762507297335),('JPN','NE.IMP.GNFS.ZS',2011,15.4680067601598),('JPN','NE.IMP.GNFS.ZS',2012,16.0913711326959),('JPN','NE.IMP.GNFS.ZS',2013,18.2321241332052),('JPN','NE.IMP.GNFS.ZS',2014,20.00546824525761),('JPN','NE.IMP.GNFS.ZS',2015,18.0300451818283),('JPN','NE.IMP.GNFS.ZS',2016,15.2626074094417),('JPN','NE.IMP.GNFS.ZS',2017,16.8393344681254),('JPN','NE.IMP.GNFS.ZS',2018,18.1928640768829),('JPN','NE.TRD.GNFS.ZS',1970,19.56614482559469),('JPN','NE.TRD.GNFS.ZS',1971,19.918116938965),('JPN','NE.TRD.GNFS.ZS',1972,18.145164236518198),('JPN','NE.TRD.GNFS.ZS',1973,19.2981314826895),('JPN','NE.TRD.GNFS.ZS',1974,26.9043547825847),('JPN','NE.TRD.GNFS.ZS',1975,24.59797160970789),('JPN','NE.TRD.GNFS.ZS',1976,25.326262228969497),('JPN','NE.TRD.GNFS.ZS',1977,23.6290866918804),('JPN','NE.TRD.GNFS.ZS',1978,19.7273072768368),('JPN','NE.TRD.GNFS.ZS',1979,23.144075477623506),('JPN','NE.TRD.GNFS.ZS',1980,27.2277616831733),('JPN','NE.TRD.GNFS.ZS',1981,27.6288385217909),('JPN','NE.TRD.GNFS.ZS',1982,27.2932104663425),('JPN','NE.TRD.GNFS.ZS',1983,25.060116036395),('JPN','NE.TRD.GNFS.ZS',1984,26.340583748183303),('JPN','NE.TRD.GNFS.ZS',1985,24.595997434714107),('JPN','NE.TRD.GNFS.ZS',1986,18.15109001189689),('JPN','NE.TRD.GNFS.ZS',1987,17.106364021749197),('JPN','NE.TRD.GNFS.ZS',1988,17.185387512593902),('JPN','NE.TRD.GNFS.ZS',1989,18.8722123124478),('JPN','NE.TRD.GNFS.ZS',1990,19.662748824151198),('JPN','NE.TRD.GNFS.ZS',1991,18.073942508306),('JPN','NE.TRD.GNFS.ZS',1992,17.3298040342119),('JPN','NE.TRD.GNFS.ZS',1993,16.013878709687802),('JPN','NE.TRD.GNFS.ZS',1994,16.104472305870498),('JPN','NE.TRD.GNFS.ZS',1995,16.6794818841082),('JPN','NE.TRD.GNFS.ZS',1996,18.5245001539539),('JPN','NE.TRD.GNFS.ZS',1997,20.040738192523502),('JPN','NE.TRD.GNFS.ZS',1998,19.2320217080914),('JPN','NE.TRD.GNFS.ZS',1999,18.348959822712104),('JPN','NE.TRD.GNFS.ZS',2000,19.8196527094812),('JPN','NE.TRD.GNFS.ZS',2001,19.798128124970106),('JPN','NE.TRD.GNFS.ZS',2002,20.6856113593736),('JPN','NE.TRD.GNFS.ZS',2003,21.583129398155602),('JPN','NE.TRD.GNFS.ZS',2004,23.922356455918198),('JPN','NE.TRD.GNFS.ZS',2005,26.5154937832549),('JPN','NE.TRD.GNFS.ZS',2006,30.33178161921969),('JPN','NE.TRD.GNFS.ZS',2007,33.0938884857704),('JPN','NE.TRD.GNFS.ZS',2008,34.399020425157104),('JPN','NE.TRD.GNFS.ZS',2009,24.4908999164455),('JPN','NE.TRD.GNFS.ZS',2010,28.6130077131406),('JPN','NE.TRD.GNFS.ZS',2011,30.393002970034104),('JPN','NE.TRD.GNFS.ZS',2012,30.6361236890786),('JPN','NE.TRD.GNFS.ZS',2013,34.1475222566436),('JPN','NE.TRD.GNFS.ZS',2014,37.5457697966046),('JPN','NE.TRD.GNFS.ZS',2015,35.6410207185955),('JPN','NE.TRD.GNFS.ZS',2016,31.5153705392525),('JPN','NE.TRD.GNFS.ZS',2017,34.613560746688),('JPN','NE.TRD.GNFS.ZS',2018,36.6411615790384),('JPN','NY.GDP.MKTP.KD.ZG',1961,12.0435364080116),('JPN','NY.GDP.MKTP.KD.ZG',1962,8.908972995580669),('JPN','NY.GDP.MKTP.KD.ZG',1963,8.47364238279391),('JPN','NY.GDP.MKTP.KD.ZG',1964,11.6767081963977),('JPN','NY.GDP.MKTP.KD.ZG',1965,5.81970787298265),('JPN','NY.GDP.MKTP.KD.ZG',1966,10.6385615591629),('JPN','NY.GDP.MKTP.KD.ZG',1967,11.0821423246929),('JPN','NY.GDP.MKTP.KD.ZG',1968,12.8824681383234),('JPN','NY.GDP.MKTP.KD.ZG',1969,12.4778945144976),('JPN','NY.GDP.MKTP.KD.ZG',1970,0.399050644836535),('JPN','NY.GDP.MKTP.KD.ZG',1971,4.6989920422336695),('JPN','NY.GDP.MKTP.KD.ZG',1972,8.413547255245192),('JPN','NY.GDP.MKTP.KD.ZG',1973,8.03259997464167),('JPN','NY.GDP.MKTP.KD.ZG',1974,-1.2252398275401202),('JPN','NY.GDP.MKTP.KD.ZG',1975,3.0915759162180496),('JPN','NY.GDP.MKTP.KD.ZG',1976,3.97498409101746),('JPN','NY.GDP.MKTP.KD.ZG',1977,4.39033795024311),('JPN','NY.GDP.MKTP.KD.ZG',1978,5.271941502946009),('JPN','NY.GDP.MKTP.KD.ZG',1979,5.48404183245223),('JPN','NY.GDP.MKTP.KD.ZG',1980,2.8175912075812297),('JPN','NY.GDP.MKTP.KD.ZG',1981,4.209336465291),('JPN','NY.GDP.MKTP.KD.ZG',1982,3.3124567372086298),('JPN','NY.GDP.MKTP.KD.ZG',1983,3.52304498514673),('JPN','NY.GDP.MKTP.KD.ZG',1984,4.5019948161552685),('JPN','NY.GDP.MKTP.KD.ZG',1985,5.23338094683929),('JPN','NY.GDP.MKTP.KD.ZG',1986,3.32652561629578),('JPN','NY.GDP.MKTP.KD.ZG',1987,4.73066586036906),('JPN','NY.GDP.MKTP.KD.ZG',1988,6.78502010949815),('JPN','NY.GDP.MKTP.KD.ZG',1989,4.8580376863061785),('JPN','NY.GDP.MKTP.KD.ZG',1990,4.89271306575883),('JPN','NY.GDP.MKTP.KD.ZG',1991,3.4174967617614),('JPN','NY.GDP.MKTP.KD.ZG',1992,0.848069581292606),('JPN','NY.GDP.MKTP.KD.ZG',1993,-0.517919847232037),('JPN','NY.GDP.MKTP.KD.ZG',1994,0.993066363300827),('JPN','NY.GDP.MKTP.KD.ZG',1995,2.7421403220890097),('JPN','NY.GDP.MKTP.KD.ZG',1996,3.0999992907731),('JPN','NY.GDP.MKTP.KD.ZG',1997,1.07604523419364),('JPN','NY.GDP.MKTP.KD.ZG',1998,-1.12840982885864),('JPN','NY.GDP.MKTP.KD.ZG',1999,-0.251954272087815),('JPN','NY.GDP.MKTP.KD.ZG',2000,2.7796328252757503),('JPN','NY.GDP.MKTP.KD.ZG',2001,0.406335903186886),('JPN','NY.GDP.MKTP.KD.ZG',2002,0.11799277676334402),('JPN','NY.GDP.MKTP.KD.ZG',2003,1.5282201481589195),('JPN','NY.GDP.MKTP.KD.ZG',2004,2.20468788231713),('JPN','NY.GDP.MKTP.KD.ZG',2005,1.6626704051840002),('JPN','NY.GDP.MKTP.KD.ZG',2006,1.42000655604446),('JPN','NY.GDP.MKTP.KD.ZG',2007,1.6541838811696898),('JPN','NY.GDP.MKTP.KD.ZG',2008,-1.09354060040749),('JPN','NY.GDP.MKTP.KD.ZG',2009,-5.41641279673664),('JPN','NY.GDP.MKTP.KD.ZG',2010,4.19173925858955),('JPN','NY.GDP.MKTP.KD.ZG',2011,-0.115421339717841),('JPN','NY.GDP.MKTP.KD.ZG',2012,1.49508958594926),('JPN','NY.GDP.MKTP.KD.ZG',2013,2.0002678411015),('JPN','NY.GDP.MKTP.KD.ZG',2014,0.374719476331322),('JPN','NY.GDP.MKTP.KD.ZG',2015,1.22292104108077),('JPN','NY.GDP.MKTP.KD.ZG',2016,0.609093181244134),('JPN','NY.GDP.MKTP.KD.ZG',2017,1.92875725125687),('JPN','NY.GDP.MKTP.KD.ZG',2018,0.788455875670337),('JPN','NY.GDP.MKTP.KN',1960,70640708897217.6),('JPN','NY.GDP.MKTP.KN',1961,79148348392131.5),('JPN','NY.GDP.MKTP.KN',1962,86199653376834.6),('JPN','NY.GDP.MKTP.KN',1963,93503903739195.5),('JPN','NY.GDP.MKTP.KN',1964,104422081731062),('JPN','NY.GDP.MKTP.KN',1965,110499141842697),('JPN','NY.GDP.MKTP.KN',1966,122254661069979),('JPN','NY.GDP.MKTP.KN',1967,135803096608325),('JPN','NY.GDP.MKTP.KN',1968,153297887259749),('JPN','NY.GDP.MKTP.KN',1969,172426235924974),('JPN','NY.GDP.MKTP.KN',1970,173114303931300),('JPN','NY.GDP.MKTP.KN',1971,181248931297000),('JPN','NY.GDP.MKTP.KN',1972,196498395781300),('JPN','NY.GDP.MKTP.KN',1973,212282325871000),('JPN','NY.GDP.MKTP.KN',1974,209681358267600),('JPN','NY.GDP.MKTP.KN',1975,216163816640600),('JPN','NY.GDP.MKTP.KN',1976,224756293962600),('JPN','NY.GDP.MKTP.KN',1977,234623854832000),('JPN','NY.GDP.MKTP.KN',1978,246993087210700),('JPN','NY.GDP.MKTP.KN',1979,260538291436600),('JPN','NY.GDP.MKTP.KN',1980,267879195428500),('JPN','NY.GDP.MKTP.KN',1981,279155132084600),('JPN','NY.GDP.MKTP.KN',1982,288402025064600),('JPN','NY.GDP.MKTP.KN',1983,298562558145700),('JPN','NY.GDP.MKTP.KN',1984,312003829036400),('JPN','NY.GDP.MKTP.KN',1985,328332177978600),('JPN','NY.GDP.MKTP.KN',1986,339254231985600),('JPN','NY.GDP.MKTP.KN',1987,355303216118000),('JPN','NY.GDP.MKTP.KN',1988,379410610781300),('JPN','NY.GDP.MKTP.KN',1989,397842521238900),('JPN','NY.GDP.MKTP.KN',1990,417307814256700),('JPN','NY.GDP.MKTP.KN',1991,431569295295500),('JPN','NY.GDP.MKTP.KN',1992,435229303211100),('JPN','NY.GDP.MKTP.KN',1993,432975164268800),('JPN','NY.GDP.MKTP.KN',1994,437274894986600),('JPN','NY.GDP.MKTP.KN',1995,449265586200400),('JPN','NY.GDP.MKTP.KN',1996,463192816186300),('JPN','NY.GDP.MKTP.KN',1997,468176980410000),('JPN','NY.GDP.MKTP.KN',1998,462894025346600),('JPN','NY.GDP.MKTP.KN',1999,461727744074500),('JPN','NY.GDP.MKTP.KN',2000,474562080012200),('JPN','NY.GDP.MKTP.KN',2001,476490396126200),('JPN','NY.GDP.MKTP.KN',2002,477052620375600),('JPN','NY.GDP.MKTP.KN',2003,484343034637500),('JPN','NY.GDP.MKTP.KN',2004,495021286831000),('JPN','NY.GDP.MKTP.KN',2005,503251859266500),('JPN','NY.GDP.MKTP.KN',2006,510398068661500),('JPN','NY.GDP.MKTP.KN',2007,518840991243100),('JPN','NY.GDP.MKTP.KN',2008,513167254352300),('JPN','NY.GDP.MKTP.KN',2009,485371997518900),('JPN','NY.GDP.MKTP.KN',2010,505717526089100),('JPN','NY.GDP.MKTP.KN',2011,505133820145300),('JPN','NY.GDP.MKTP.KN',2012,512686023285400),('JPN','NY.GDP.MKTP.KN',2013,522941116935000),('JPN','NY.GDP.MKTP.KN',2014,524900679149900),('JPN','NY.GDP.MKTP.KN',2015,531319800000000),('JPN','NY.GDP.MKTP.KN',2016,534556032672400),('JPN','NY.GDP.MKTP.KN',2017,544866320914600),('JPN','NY.GDP.MKTP.KN',2018,549162351436400),('JPN','NY.GDP.PCAP.KD.ZG',1961,9.16119362821799),('JPN','NY.GDP.PCAP.KD.ZG',1962,7.898662483506699),('JPN','NY.GDP.PCAP.KD.ZG',1963,7.37559493480052),('JPN','NY.GDP.PCAP.KD.ZG',1964,10.5191408614239),('JPN','NY.GDP.PCAP.KD.ZG',1965,4.68855862365018),('JPN','NY.GDP.PCAP.KD.ZG',1966,9.6329580384277),('JPN','NY.GDP.PCAP.KD.ZG',1967,10.051000075265401),('JPN','NY.GDP.PCAP.KD.ZG',1968,12.5071650115536),('JPN','NY.GDP.PCAP.KD.ZG',1969,10.17648681357),('JPN','NY.GDP.PCAP.KD.ZG',1970,-0.729590750595861),('JPN','NY.GDP.PCAP.KD.ZG',1971,3.35975784219866),('JPN','NY.GDP.PCAP.KD.ZG',1972,6.90549972233508),('JPN','NY.GDP.PCAP.KD.ZG',1973,7.141982495044299),('JPN','NY.GDP.PCAP.KD.ZG',1974,-3.09292401482098),('JPN','NY.GDP.PCAP.KD.ZG',1975,1.45411993998938),('JPN','NY.GDP.PCAP.KD.ZG',1976,3.2088011913390297),('JPN','NY.GDP.PCAP.KD.ZG',1977,3.3891852576066603),('JPN','NY.GDP.PCAP.KD.ZG',1978,4.32365293869294),('JPN','NY.GDP.PCAP.KD.ZG',1979,4.5991666390359285),('JPN','NY.GDP.PCAP.KD.ZG',1980,2.01464517838741),('JPN','NY.GDP.PCAP.KD.ZG',1981,3.44225767620033),('JPN','NY.GDP.PCAP.KD.ZG',1982,2.61381615901462),('JPN','NY.GDP.PCAP.KD.ZG',1983,2.8199226510841604),('JPN','NY.GDP.PCAP.KD.ZG',1984,3.84111883034097),('JPN','NY.GDP.PCAP.KD.ZG',1985,4.59197968164831),('JPN','NY.GDP.PCAP.KD.ZG',1986,2.69887131885376),('JPN','NY.GDP.PCAP.KD.ZG',1987,4.21683872445927),('JPN','NY.GDP.PCAP.KD.ZG',1988,6.33040452634501),('JPN','NY.GDP.PCAP.KD.ZG',1989,4.42963201233843),('JPN','NY.GDP.PCAP.KD.ZG',1990,4.53525066825296),('JPN','NY.GDP.PCAP.KD.ZG',1991,3.0970319595364497),('JPN','NY.GDP.PCAP.KD.ZG',1992,0.598037741456196),('JPN','NY.GDP.PCAP.KD.ZG',1993,-0.7631581607068509),('JPN','NY.GDP.PCAP.KD.ZG',1994,0.6495827707847471),('JPN','NY.GDP.PCAP.KD.ZG',1995,2.3506293639822204),('JPN','NY.GDP.PCAP.KD.ZG',1996,2.8392917375198703),('JPN','NY.GDP.PCAP.KD.ZG',1997,0.835496803164375),('JPN','NY.GDP.PCAP.KD.ZG',1998,-1.3967085268705002),('JPN','NY.GDP.PCAP.KD.ZG',1999,-0.43391444426642106),('JPN','NY.GDP.PCAP.KD.ZG',2000,2.60785131459751),('JPN','NY.GDP.PCAP.KD.ZG',2001,0.164695475134934),('JPN','NY.GDP.PCAP.KD.ZG',2002,-0.11453832184327),('JPN','NY.GDP.PCAP.KD.ZG',2003,1.3112013716321398),('JPN','NY.GDP.PCAP.KD.ZG',2004,2.17028926631583),('JPN','NY.GDP.PCAP.KD.ZG',2005,1.6531225973931205),('JPN','NY.GDP.PCAP.KD.ZG',2006,1.35575341941174),('JPN','NY.GDP.PCAP.KD.ZG',2007,1.53744131641996),('JPN','NY.GDP.PCAP.KD.ZG',2008,-1.14142484865074),('JPN','NY.GDP.PCAP.KD.ZG',2009,-5.40459418798163),('JPN','NY.GDP.PCAP.KD.ZG',2010,4.17302753841349),('JPN','NY.GDP.PCAP.KD.ZG',2011,0.0697628079004318),('JPN','NY.GDP.PCAP.KD.ZG',2012,1.65731759271522),('JPN','NY.GDP.PCAP.KD.ZG',2013,2.14753175324213),('JPN','NY.GDP.PCAP.KD.ZG',2014,0.507999337353809),('JPN','NY.GDP.PCAP.KD.ZG',2015,1.33040088110521),('JPN','NY.GDP.PCAP.KD.ZG',2016,0.7251464290181809),('JPN','NY.GDP.PCAP.KD.ZG',2017,2.09655174515385),('JPN','NY.GDP.PCAP.KD.ZG',2018,0.9929313224878628),('JPN','NY.GDY.TOTL.KN',1970,181534830982090),('JPN','NY.GDY.TOTL.KN',1971,192136114400938),('JPN','NY.GDY.TOTL.KN',1972,208700744311123),('JPN','NY.GDY.TOTL.KN',1973,223446940464251),('JPN','NY.GDY.TOTL.KN',1974,218255694035020),('JPN','NY.GDY.TOTL.KN',1975,223804904629250),('JPN','NY.GDY.TOTL.KN',1976,232959572369247),('JPN','NY.GDY.TOTL.KN',1977,243834939883437),('JPN','NY.GDY.TOTL.KN',1978,258947371580928),('JPN','NY.GDY.TOTL.KN',1979,268612253015999),('JPN','NY.GDY.TOTL.KN',1980,271568926502401),('JPN','NY.GDY.TOTL.KN',1981,283704710980490),('JPN','NY.GDY.TOTL.KN',1982,292370730423042),('JPN','NY.GDY.TOTL.KN',1983,302759155120012),('JPN','NY.GDY.TOTL.KN',1984,317532267924515),('JPN','NY.GDY.TOTL.KN',1985,334053041787150),('JPN','NY.GDY.TOTL.KN',1986,353461496530367),('JPN','NY.GDY.TOTL.KN',1987,369716601638390),('JPN','NY.GDY.TOTL.KN',1988,395293745678804),('JPN','NY.GDY.TOTL.KN',1989,414585822147157),('JPN','NY.GDY.TOTL.KN',1990,432421097164522),('JPN','NY.GDY.TOTL.KN',1991,448684283544264),('JPN','NY.GDY.TOTL.KN',1992,454246468082106),('JPN','NY.GDY.TOTL.KN',1993,452751243960883),('JPN','NY.GDY.TOTL.KN',1994,458186119920049),('JPN','NY.GDY.TOTL.KN',1995,470725126960948),('JPN','NY.GDY.TOTL.KN',1996,482682469150248),('JPN','NY.GDY.TOTL.KN',1997,486955854262246),('JPN','NY.GDY.TOTL.KN',1998,483785612682491),('JPN','NY.GDY.TOTL.KN',1999,482786355742116),('JPN','NY.GDY.TOTL.KN',2000,494090114798072),('JPN','NY.GDY.TOTL.KN',2001,494836365755114),('JPN','NY.GDY.TOTL.KN',2002,496543690167860),('JPN','NY.GDY.TOTL.KN',2003,503275736830940),('JPN','NY.GDY.TOTL.KN',2004,512922522156103),('JPN','NY.GDY.TOTL.KN',2005,516712798110079),('JPN','NY.GDY.TOTL.KN',2006,518693166421142),('JPN','NY.GDY.TOTL.KN',2007,524127411288921),('JPN','NY.GDY.TOTL.KN',2008,510042189457124),('JPN','NY.GDY.TOTL.KN',2009,490811678623275),('JPN','NY.GDY.TOTL.KN',2010,507349853235275),('JPN','NY.GDY.TOTL.KN',2011,500360548346626),('JPN','NY.GDY.TOTL.KN',2012,507008673678477),('JPN','NY.GDY.TOTL.KN',2013,516433282366434),('JPN','NY.GDY.TOTL.KN',2014,517369912099350),('JPN','NY.GDY.TOTL.KN',2015,531319800000000),('JPN','NY.GDY.TOTL.KN',2016,539742188700574),('JPN','NY.GDY.TOTL.KN',2017,546108920977416),('JPN','NY.GDY.TOTL.KN',2018,546235696344109),('JPN','SP.DYN.LE00.IN',1960,67.6660975609756),('JPN','SP.DYN.LE00.IN',1961,68.31),('JPN','SP.DYN.LE00.IN',1962,68.5948780487805),('JPN','SP.DYN.LE00.IN',1963,69.65804878048779),('JPN','SP.DYN.LE00.IN',1964,70.1324390243903),('JPN','SP.DYN.LE00.IN',1965,70.20195121951221),('JPN','SP.DYN.LE00.IN',1966,70.9865853658537),('JPN','SP.DYN.LE00.IN',1967,71.2765853658537),('JPN','SP.DYN.LE00.IN',1968,71.61121951219509),('JPN','SP.DYN.LE00.IN',1969,71.83878048780491),('JPN','SP.DYN.LE00.IN',1970,71.950243902439),('JPN','SP.DYN.LE00.IN',1971,72.8829268292683),('JPN','SP.DYN.LE00.IN',1972,73.5065853658537),('JPN','SP.DYN.LE00.IN',1973,73.7575609756097),('JPN','SP.DYN.LE00.IN',1974,74.39390243902442),('JPN','SP.DYN.LE00.IN',1975,75.0573170731707),('JPN','SP.DYN.LE00.IN',1976,75.45682926829271),('JPN','SP.DYN.LE00.IN',1977,75.8982926829268),('JPN','SP.DYN.LE00.IN',1978,76.0382926829268),('JPN','SP.DYN.LE00.IN',1979,76.3375609756098),('JPN','SP.DYN.LE00.IN',1980,76.0917073170732),('JPN','SP.DYN.LE00.IN',1981,76.4143902439025),('JPN','SP.DYN.LE00.IN',1982,76.92292682926829),('JPN','SP.DYN.LE00.IN',1983,76.9614634146342),('JPN','SP.DYN.LE00.IN',1984,77.3653658536585),('JPN','SP.DYN.LE00.IN',1985,77.650487804878),('JPN','SP.DYN.LE00.IN',1986,78.06463414634149),('JPN','SP.DYN.LE00.IN',1987,78.48365853658541),('JPN','SP.DYN.LE00.IN',1988,78.3992682926829),('JPN','SP.DYN.LE00.IN',1989,78.8180487804878),('JPN','SP.DYN.LE00.IN',1990,78.8368292682927),('JPN','SP.DYN.LE00.IN',1991,79.1007317073171),('JPN','SP.DYN.LE00.IN',1992,79.1539024390244),('JPN','SP.DYN.LE00.IN',1993,79.29365853658541),('JPN','SP.DYN.LE00.IN',1994,79.68707317073171),('JPN','SP.DYN.LE00.IN',1995,79.5363414634147),('JPN','SP.DYN.LE00.IN',1996,80.200243902439),('JPN','SP.DYN.LE00.IN',1997,80.4241463414634),('JPN','SP.DYN.LE00.IN',1998,80.5014634146342),('JPN','SP.DYN.LE00.IN',1999,80.5707317073171),('JPN','SP.DYN.LE00.IN',2000,81.07609756097558),('JPN','SP.DYN.LE00.IN',2001,81.41707317073171),('JPN','SP.DYN.LE00.IN',2002,81.5634146341463),('JPN','SP.DYN.LE00.IN',2003,81.76),('JPN','SP.DYN.LE00.IN',2004,82.030243902439),('JPN','SP.DYN.LE00.IN',2005,81.9251219512195),('JPN','SP.DYN.LE00.IN',2006,82.3219512195122),('JPN','SP.DYN.LE00.IN',2007,82.5070731707317),('JPN','SP.DYN.LE00.IN',2008,82.5875609756098),('JPN','SP.DYN.LE00.IN',2009,82.9314634146342),('JPN','SP.DYN.LE00.IN',2010,82.8426829268293),('JPN','SP.DYN.LE00.IN',2011,82.5912195121951),('JPN','SP.DYN.LE00.IN',2012,83.0960975609756),('JPN','SP.DYN.LE00.IN',2013,83.3319512195122),('JPN','SP.DYN.LE00.IN',2014,83.5878048780488),('JPN','SP.DYN.LE00.IN',2015,83.79390243902441),('JPN','SP.DYN.LE00.IN',2016,83.9848780487805),('JPN','SP.DYN.LE00.IN',2017,84.099756097561),('JPN','SP.DYN.TFRT.IN',1960,2.001),('JPN','SP.DYN.TFRT.IN',1961,2.05),('JPN','SP.DYN.TFRT.IN',1962,2.01),('JPN','SP.DYN.TFRT.IN',1963,2.02),('JPN','SP.DYN.TFRT.IN',1964,2.05),('JPN','SP.DYN.TFRT.IN',1965,2.139),('JPN','SP.DYN.TFRT.IN',1966,1.58),('JPN','SP.DYN.TFRT.IN',1967,2.02),('JPN','SP.DYN.TFRT.IN',1968,2.13),('JPN','SP.DYN.TFRT.IN',1969,2.13),('JPN','SP.DYN.TFRT.IN',1970,2.135),('JPN','SP.DYN.TFRT.IN',1971,2.16),('JPN','SP.DYN.TFRT.IN',1972,2.14),('JPN','SP.DYN.TFRT.IN',1973,2.14),('JPN','SP.DYN.TFRT.IN',1974,2.05),('JPN','SP.DYN.TFRT.IN',1975,1.909),('JPN','SP.DYN.TFRT.IN',1976,1.85),('JPN','SP.DYN.TFRT.IN',1977,1.8),('JPN','SP.DYN.TFRT.IN',1978,1.79),('JPN','SP.DYN.TFRT.IN',1979,1.77),('JPN','SP.DYN.TFRT.IN',1980,1.75),('JPN','SP.DYN.TFRT.IN',1981,1.74),('JPN','SP.DYN.TFRT.IN',1982,1.77),('JPN','SP.DYN.TFRT.IN',1983,1.8),('JPN','SP.DYN.TFRT.IN',1984,1.81),('JPN','SP.DYN.TFRT.IN',1985,1.76),('JPN','SP.DYN.TFRT.IN',1986,1.72),('JPN','SP.DYN.TFRT.IN',1987,1.69),('JPN','SP.DYN.TFRT.IN',1988,1.66),('JPN','SP.DYN.TFRT.IN',1989,1.57),('JPN','SP.DYN.TFRT.IN',1990,1.54),('JPN','SP.DYN.TFRT.IN',1991,1.53),('JPN','SP.DYN.TFRT.IN',1992,1.5019999999999998),('JPN','SP.DYN.TFRT.IN',1993,1.4580000000000002),('JPN','SP.DYN.TFRT.IN',1994,1.5),('JPN','SP.DYN.TFRT.IN',1995,1.422),('JPN','SP.DYN.TFRT.IN',1996,1.425),('JPN','SP.DYN.TFRT.IN',1997,1.388),('JPN','SP.DYN.TFRT.IN',1998,1.384),('JPN','SP.DYN.TFRT.IN',1999,1.342),('JPN','SP.DYN.TFRT.IN',2000,1.359),('JPN','SP.DYN.TFRT.IN',2001,1.33),('JPN','SP.DYN.TFRT.IN',2002,1.32),('JPN','SP.DYN.TFRT.IN',2003,1.29),('JPN','SP.DYN.TFRT.IN',2004,1.29),('JPN','SP.DYN.TFRT.IN',2005,1.26),('JPN','SP.DYN.TFRT.IN',2006,1.32),('JPN','SP.DYN.TFRT.IN',2007,1.34),('JPN','SP.DYN.TFRT.IN',2008,1.37),('JPN','SP.DYN.TFRT.IN',2009,1.37),('JPN','SP.DYN.TFRT.IN',2010,1.39),('JPN','SP.DYN.TFRT.IN',2011,1.39),('JPN','SP.DYN.TFRT.IN',2012,1.41),('JPN','SP.DYN.TFRT.IN',2013,1.43),('JPN','SP.DYN.TFRT.IN',2014,1.42),('JPN','SP.DYN.TFRT.IN',2015,1.45),('JPN','SP.DYN.TFRT.IN',2016,1.44),('JPN','SP.DYN.TFRT.IN',2017,1.43),('JPN','SP.POP.TOTL',1960,92500572),('JPN','SP.POP.TOTL',1961,94943000),('JPN','SP.POP.TOTL',1962,95832000),('JPN','SP.POP.TOTL',1963,96812000),('JPN','SP.POP.TOTL',1964,97826000),('JPN','SP.POP.TOTL',1965,98883000),('JPN','SP.POP.TOTL',1966,99790000),('JPN','SP.POP.TOTL',1967,100725000),('JPN','SP.POP.TOTL',1968,101061000),('JPN','SP.POP.TOTL',1969,103172000),('JPN','SP.POP.TOTL',1970,104345000),('JPN','SP.POP.TOTL',1971,105697000),('JPN','SP.POP.TOTL',1972,107188000),('JPN','SP.POP.TOTL',1973,108079000),('JPN','SP.POP.TOTL',1974,110162000),('JPN','SP.POP.TOTL',1975,111940000),('JPN','SP.POP.TOTL',1976,112771000),('JPN','SP.POP.TOTL',1977,113863000),('JPN','SP.POP.TOTL',1978,114898000),('JPN','SP.POP.TOTL',1979,115870000),('JPN','SP.POP.TOTL',1980,116782000),('JPN','SP.POP.TOTL',1981,117648000),('JPN','SP.POP.TOTL',1982,118449000),('JPN','SP.POP.TOTL',1983,119259000),('JPN','SP.POP.TOTL',1984,120018000),('JPN','SP.POP.TOTL',1985,120754000),('JPN','SP.POP.TOTL',1986,121492000),('JPN','SP.POP.TOTL',1987,122091000),('JPN','SP.POP.TOTL',1988,122613000),('JPN','SP.POP.TOTL',1989,123116000),('JPN','SP.POP.TOTL',1990,123537000),('JPN','SP.POP.TOTL',1991,123921000),('JPN','SP.POP.TOTL',1992,124229000),('JPN','SP.POP.TOTL',1993,124536000),('JPN','SP.POP.TOTL',1994,124961000),('JPN','SP.POP.TOTL',1995,125439000),('JPN','SP.POP.TOTL',1996,125757000),('JPN','SP.POP.TOTL',1997,126057000),('JPN','SP.POP.TOTL',1998,126400000),('JPN','SP.POP.TOTL',1999,126631000),('JPN','SP.POP.TOTL',2000,126843000),('JPN','SP.POP.TOTL',2001,127149000),('JPN','SP.POP.TOTL',2002,127445000),('JPN','SP.POP.TOTL',2003,127718000),('JPN','SP.POP.TOTL',2004,127761000),('JPN','SP.POP.TOTL',2005,127773000),('JPN','SP.POP.TOTL',2006,127854000),('JPN','SP.POP.TOTL',2007,128001000),('JPN','SP.POP.TOTL',2008,128063000),('JPN','SP.POP.TOTL',2009,128047000),('JPN','SP.POP.TOTL',2010,128070000),('JPN','SP.POP.TOTL',2011,127833000),('JPN','SP.POP.TOTL',2012,127629000),('JPN','SP.POP.TOTL',2013,127445000),('JPN','SP.POP.TOTL',2014,127276000),('JPN','SP.POP.TOTL',2015,127141000),('JPN','SP.POP.TOTL',2016,126994511),('JPN','SP.POP.TOTL',2017,126785797),('JPN','SP.POP.TOTL',2018,126529100),('RUS','EN.ATM.CO2E.PC',1992,13.9799735420912),('RUS','EN.ATM.CO2E.PC',1993,13.0517497508753),('RUS','EN.ATM.CO2E.PC',1994,11.4495360802502),('RUS','EN.ATM.CO2E.PC',1995,10.9955584581268),('RUS','EN.ATM.CO2E.PC',1996,10.886650666581199),('RUS','EN.ATM.CO2E.PC',1997,10.3167892488639),('RUS','EN.ATM.CO2E.PC',1998,10.127299166445301),('RUS','EN.ATM.CO2E.PC',1999,10.4006827063484),('RUS','EN.ATM.CO2E.PC',2000,10.6271205332605),('RUS','EN.ATM.CO2E.PC',2001,10.669603403456199),('RUS','EN.ATM.CO2E.PC',2002,10.7159010231412),('RUS','EN.ATM.CO2E.PC',2003,11.0906474801145),('RUS','EN.ATM.CO2E.PC',2004,11.120626975547099),('RUS','EN.ATM.CO2E.PC',2005,11.2535286682124),('RUS','EN.ATM.CO2E.PC',2006,11.6691220679875),('RUS','EN.ATM.CO2E.PC',2007,11.6724565724157),('RUS','EN.ATM.CO2E.PC',2008,12.0145065077043),('RUS','EN.ATM.CO2E.PC',2009,11.0238562302845),('RUS','EN.ATM.CO2E.PC',2010,11.6943481245069),('RUS','EN.ATM.CO2E.PC',2011,12.334881003940199),('RUS','EN.ATM.CO2E.PC',2012,12.7849790249662),('RUS','EN.ATM.CO2E.PC',2013,12.3935564747819),('RUS','EN.ATM.CO2E.PC',2014,11.857527773705199),('RUS','NE.EXP.GNFS.ZS',1989,21.902268760907504),('RUS','NE.EXP.GNFS.ZS',1990,18.162061471592697),('RUS','NE.EXP.GNFS.ZS',1991,13.2713621737576),('RUS','NE.EXP.GNFS.ZS',1992,62.3224618621778),('RUS','NE.EXP.GNFS.ZS',1993,38.2045944842866),('RUS','NE.EXP.GNFS.ZS',1994,27.7583790421613),('RUS','NE.EXP.GNFS.ZS',1995,29.289011349561896),('RUS','NE.EXP.GNFS.ZS',1996,26.0729881302908),('RUS','NE.EXP.GNFS.ZS',1997,24.729841529228892),('RUS','NE.EXP.GNFS.ZS',1998,31.22120547318),('RUS','NE.EXP.GNFS.ZS',1999,43.2199685128244),('RUS','NE.EXP.GNFS.ZS',2000,44.0604413055146),('RUS','NE.EXP.GNFS.ZS',2001,36.8934935960337),('RUS','NE.EXP.GNFS.ZS',2002,35.2125940630626),('RUS','NE.EXP.GNFS.ZS',2003,35.24998177498),('RUS','NE.EXP.GNFS.ZS',2004,34.4178910548533),('RUS','NE.EXP.GNFS.ZS',2005,35.203065964629396),('RUS','NE.EXP.GNFS.ZS',2006,33.7304754438509),('RUS','NE.EXP.GNFS.ZS',2007,30.16406048471849),('RUS','NE.EXP.GNFS.ZS',2008,31.309560333568893),('RUS','NE.EXP.GNFS.ZS',2009,27.938101204296107),('RUS','NE.EXP.GNFS.ZS',2010,29.2155607850389),('RUS','NE.EXP.GNFS.ZS',2011,27.9769230980408),('RUS','NE.EXP.GNFS.ZS',2012,26.883444959239),('RUS','NE.EXP.GNFS.ZS',2013,25.7929650488232),('RUS','NE.EXP.GNFS.ZS',2014,27.101329178076305),('RUS','NE.EXP.GNFS.ZS',2015,28.707262321426807),('RUS','NE.EXP.GNFS.ZS',2016,25.7371444401766),('RUS','NE.EXP.GNFS.ZS',2017,26.0520617365331),('RUS','NE.EXP.GNFS.ZS',2018,30.7411349729631),('RUS','NE.IMP.GNFS.ZS',1989,21.0122164048866),('RUS','NE.IMP.GNFS.ZS',1990,17.9447376591121),('RUS','NE.IMP.GNFS.ZS',1991,12.9853414372542),('RUS','NE.IMP.GNFS.ZS',1992,48.2546028406102),('RUS','NE.IMP.GNFS.ZS',1993,30.493848755174604),('RUS','NE.IMP.GNFS.ZS',1994,23.1953336062219),('RUS','NE.IMP.GNFS.ZS',1995,25.893894116163807),('RUS','NE.IMP.GNFS.ZS',1996,21.849512689128197),('RUS','NE.IMP.GNFS.ZS',1997,22.527079880846),('RUS','NE.IMP.GNFS.ZS',1998,24.551047811796604),('RUS','NE.IMP.GNFS.ZS',1999,26.1733129859875),('RUS','NE.IMP.GNFS.ZS',2000,24.03346573184089),('RUS','NE.IMP.GNFS.ZS',2001,24.21736506838689),('RUS','NE.IMP.GNFS.ZS',2002,24.432851668898),('RUS','NE.IMP.GNFS.ZS',2003,23.8782872312785),('RUS','NE.IMP.GNFS.ZS',2004,22.1639613425553),('RUS','NE.IMP.GNFS.ZS',2005,21.510182525125494),('RUS','NE.IMP.GNFS.ZS',2006,21.0029264232118),('RUS','NE.IMP.GNFS.ZS',2007,21.5420622610532),('RUS','NE.IMP.GNFS.ZS',2008,22.072905707322),('RUS','NE.IMP.GNFS.ZS',2009,20.4969598237716),('RUS','NE.IMP.GNFS.ZS',2010,21.1399447023288),('RUS','NE.IMP.GNFS.ZS',2011,19.9241768817416),('RUS','NE.IMP.GNFS.ZS',2012,20.2261070957682),('RUS','NE.IMP.GNFS.ZS',2013,20.400390244729106),('RUS','NE.IMP.GNFS.ZS',2014,20.6827897103653),('RUS','NE.IMP.GNFS.ZS',2015,20.643292075759),('RUS','NE.IMP.GNFS.ZS',2016,20.5652079720604),('RUS','NE.IMP.GNFS.ZS',2017,20.7087088808965),('RUS','NE.IMP.GNFS.ZS',2018,20.769322518279),('RUS','NE.TRD.GNFS.ZS',1989,42.9144851657941),('RUS','NE.TRD.GNFS.ZS',1990,36.1067991307048),('RUS','NE.TRD.GNFS.ZS',1991,26.2567036110118),('RUS','NE.TRD.GNFS.ZS',1992,110.577064702788),('RUS','NE.TRD.GNFS.ZS',1993,68.6984432394613),('RUS','NE.TRD.GNFS.ZS',1994,50.9537126483831),('RUS','NE.TRD.GNFS.ZS',1995,55.182905465725696),('RUS','NE.TRD.GNFS.ZS',1996,47.922500819419),('RUS','NE.TRD.GNFS.ZS',1997,47.256921410074796),('RUS','NE.TRD.GNFS.ZS',1998,55.7722532849766),('RUS','NE.TRD.GNFS.ZS',1999,69.393281498812),('RUS','NE.TRD.GNFS.ZS',2000,68.09390703735549),('RUS','NE.TRD.GNFS.ZS',2001,61.110858664420604),('RUS','NE.TRD.GNFS.ZS',2002,59.645445731960706),('RUS','NE.TRD.GNFS.ZS',2003,59.1282690062584),('RUS','NE.TRD.GNFS.ZS',2004,56.5818523974086),('RUS','NE.TRD.GNFS.ZS',2005,56.713248489754896),('RUS','NE.TRD.GNFS.ZS',2006,54.7334018670627),('RUS','NE.TRD.GNFS.ZS',2007,51.7061227457717),('RUS','NE.TRD.GNFS.ZS',2008,53.3824660408908),('RUS','NE.TRD.GNFS.ZS',2009,48.4350610280677),('RUS','NE.TRD.GNFS.ZS',2010,50.3555054873676),('RUS','NE.TRD.GNFS.ZS',2011,47.9010999797824),('RUS','NE.TRD.GNFS.ZS',2012,47.1095520550072),('RUS','NE.TRD.GNFS.ZS',2013,46.1933552935524),('RUS','NE.TRD.GNFS.ZS',2014,47.784118888441604),('RUS','NE.TRD.GNFS.ZS',2015,49.350554397185796),('RUS','NE.TRD.GNFS.ZS',2016,46.302352412237),('RUS','NE.TRD.GNFS.ZS',2017,46.760770617429706),('RUS','NE.TRD.GNFS.ZS',2018,51.5104574912421),('RUS','NY.GDP.MKTP.KD.ZG',1990,-2.99999564223592),('RUS','NY.GDP.MKTP.KD.ZG',1991,-5.04693945130884),('RUS','NY.GDP.MKTP.KD.ZG',1992,-14.5310737738049),('RUS','NY.GDP.MKTP.KD.ZG',1993,-8.66854034144572),('RUS','NY.GDP.MKTP.KD.ZG',1994,-12.569755979716401),('RUS','NY.GDP.MKTP.KD.ZG',1995,-4.14352840569045),('RUS','NY.GDP.MKTP.KD.ZG',1996,-3.75506943907938),('RUS','NY.GDP.MKTP.KD.ZG',1997,1.39991580471734),('RUS','NY.GDP.MKTP.KD.ZG',1998,-5.29996162538214),('RUS','NY.GDP.MKTP.KD.ZG',1999,6.39991468983672),('RUS','NY.GDP.MKTP.KD.ZG',2000,10.0000668157438),('RUS','NY.GDP.MKTP.KD.ZG',2001,5.10005122514623),('RUS','NY.GDP.MKTP.KD.ZG',2002,4.69999190886617),('RUS','NY.GDP.MKTP.KD.ZG',2003,7.299952344557401),('RUS','NY.GDP.MKTP.KD.ZG',2004,7.19994786981057),('RUS','NY.GDP.MKTP.KD.ZG',2005,6.399965447966349),('RUS','NY.GDP.MKTP.KD.ZG',2006,8.20006825495356),('RUS','NY.GDP.MKTP.KD.ZG',2007,8.499977768471402),('RUS','NY.GDP.MKTP.KD.ZG',2008,5.19996926508021),('RUS','NY.GDP.MKTP.KD.ZG',2009,-7.799993913456942),('RUS','NY.GDP.MKTP.KD.ZG',2010,4.500000000014509),('RUS','NY.GDP.MKTP.KD.ZG',2011,4.30002918578838),('RUS','NY.GDP.MKTP.KD.ZG',2012,3.7000570551393),('RUS','NY.GDP.MKTP.KD.ZG',2013,1.800000140189),('RUS','NY.GDP.MKTP.KD.ZG',2014,0.699973678046774),('RUS','NY.GDP.MKTP.KD.ZG',2015,-2.30770688863852),('RUS','NY.GDP.MKTP.KD.ZG',2016,0.32928065807927004),('RUS','NY.GDP.MKTP.KD.ZG',2017,1.63018573156532),('RUS','NY.GDP.MKTP.KD.ZG',2018,2.25480434572114),('RUS','NY.GDP.MKTP.KN',1989,75778162679531.9),('RUS','NY.GDP.MKTP.KN',1990,73504821101379.5),('RUS','NY.GDP.MKTP.KN',1991,69795077286600),('RUS','NY.GDP.MKTP.KN',1992,59653103115600),('RUS','NY.GDP.MKTP.KN',1993,54482049807100),('RUS','NY.GDP.MKTP.KN',1994,47633789093600),('RUS','NY.GDP.MKTP.KN',1995,45660069511800),('RUS','NY.GDP.MKTP.KN',1996,43945502195700),('RUS','NY.GDP.MKTP.KN',1997,44560702226400),('RUS','NY.GDP.MKTP.KN',1998,42199002108400),('RUS','NY.GDP.MKTP.KN',1999,44899702243300),('RUS','NY.GDP.MKTP.KN',2000,49389702467700),('RUS','NY.GDP.MKTP.KN',2001,51908602593500),('RUS','NY.GDP.MKTP.KN',2002,54348302715400),('RUS','NY.GDP.MKTP.KN',2003,58315702913700),('RUS','NY.GDP.MKTP.KN',2004,62514403123400),('RUS','NY.GDP.MKTP.KN',2005,66515303323300),('RUS','NY.GDP.MKTP.KN',2006,71969603595800),('RUS','NY.GDP.MKTP.KN',2007,78087003901500),('RUS','NY.GDP.MKTP.KN',2008,82147504104400),('RUS','NY.GDP.MKTP.KN',2009,75740003784200),('RUS','NY.GDP.MKTP.KN',2010,79148303954500),('RUS','NY.GDP.MKTP.KN',2011,82551704124600),('RUS','NY.GDP.MKTP.KN',2012,85606164277200),('RUS','NY.GDP.MKTP.KN',2013,87147075354200),('RUS','NY.GDP.MKTP.KN',2014,87757081942867),('RUS','NY.GDP.MKTP.KN',2015,85731905717603.3),('RUS','NY.GDP.MKTP.KN',2016,86014204300934.1),('RUS','NY.GDP.MKTP.KN',2017,87416395586567.4),('RUS','NY.GDP.MKTP.KN',2018,89387464273126.1),('RUS','NY.GDP.PCAP.KD.ZG',1990,-3.37349524092159),('RUS','NY.GDP.PCAP.KD.ZG',1991,-5.25904796744634),('RUS','NY.GDP.PCAP.KD.ZG',1992,-14.568436861932199),('RUS','NY.GDP.PCAP.KD.ZG',1993,-8.56461483181215),('RUS','NY.GDP.PCAP.KD.ZG',1994,-12.461305132246599),('RUS','NY.GDP.PCAP.KD.ZG',1995,-4.16919294191121),('RUS','NY.GDP.PCAP.KD.ZG',1996,-3.614960869306),('RUS','NY.GDP.PCAP.KD.ZG',1997,1.56768822063935),('RUS','NY.GDP.PCAP.KD.ZG',1998,-5.14309197458151),('RUS','NY.GDP.PCAP.KD.ZG',1999,6.729707724511711),('RUS','NY.GDP.PCAP.KD.ZG',2000,10.4636649564469),('RUS','NY.GDP.PCAP.KD.ZG',2001,5.54678090756886),('RUS','NY.GDP.PCAP.KD.ZG',2002,5.18278578020335),('RUS','NY.GDP.PCAP.KD.ZG',2003,7.787899657549517),('RUS','NY.GDP.PCAP.KD.ZG',2004,7.632419622324059),('RUS','NY.GDP.PCAP.KD.ZG',2005,6.80662849205534),('RUS','NY.GDP.PCAP.KD.ZG',2006,8.5548075660403),('RUS','NY.GDP.PCAP.KD.ZG',2007,8.68569758368025),('RUS','NY.GDP.PCAP.KD.ZG',2008,5.24620666881846),('RUS','NY.GDP.PCAP.KD.ZG',2009,-7.827754904860001),('RUS','NY.GDP.PCAP.KD.ZG',2010,4.45310320377916),('RUS','NY.GDP.PCAP.KD.ZG',2011,4.21874117233119),('RUS','NY.GDP.PCAP.KD.ZG',2012,3.52567499457483),('RUS','NY.GDP.PCAP.KD.ZG',2013,1.58347451903256),('RUS','NY.GDP.PCAP.KD.ZG',2014,-1.08094175867427),('RUS','NY.GDP.PCAP.KD.ZG',2015,-2.51818098268866),('RUS','NY.GDP.PCAP.KD.ZG',2016,0.145592470883599),('RUS','NY.GDP.PCAP.KD.ZG',2017,1.5151745832613102),('RUS','NY.GDP.PCAP.KD.ZG',2018,2.26178050398569),('RUS','NY.GDY.TOTL.KN',1990,75337968434503.3),('RUS','NY.GDY.TOTL.KN',1991,68700528053702.6),('RUS','NY.GDY.TOTL.KN',1992,59938606178622.3),('RUS','NY.GDY.TOTL.KN',1993,53751368909336.8),('RUS','NY.GDY.TOTL.KN',1994,46035804307234.1),('RUS','NY.GDY.TOTL.KN',1995,44054216005667.6),('RUS','NY.GDY.TOTL.KN',1996,42425772631077.3),('RUS','NY.GDY.TOTL.KN',1997,42536412743739.4),('RUS','NY.GDY.TOTL.KN',1998,39724222492538.8),('RUS','NY.GDY.TOTL.KN',1999,41930610830118.8),('RUS','NY.GDY.TOTL.KN',2000,48701794334655.2),('RUS','NY.GDY.TOTL.KN',2001,50632661132675.4),('RUS','NY.GDY.TOTL.KN',2002,52754044941989.1),('RUS','NY.GDY.TOTL.KN',2003,57332146713440),('RUS','NY.GDY.TOTL.KN',2004,63726097956331.5),('RUS','NY.GDY.TOTL.KN',2005,70549665774088.5),('RUS','NY.GDY.TOTL.KN',2006,78713019234176.9),('RUS','NY.GDY.TOTL.KN',2007,86169486638647.8),('RUS','NY.GDY.TOTL.KN',2008,94508585256853.1),('RUS','NY.GDY.TOTL.KN',2009,78611847986706.8),('RUS','NY.GDY.TOTL.KN',2010,86529374838907.9),('RUS','NY.GDY.TOTL.KN',2011,95818776536096.3),('RUS','NY.GDY.TOTL.KN',2012,99856104801364.2),('RUS','NY.GDY.TOTL.KN',2013,99966429098268.2),('RUS','NY.GDY.TOTL.KN',2014,99161090920025),('RUS','NY.GDY.TOTL.KN',2015,89797543014582.3),('RUS','NY.GDY.TOTL.KN',2016,86014204300934.1),('RUS','NY.GDY.TOTL.KN',2017,90285653791883.8),('RUS','NY.GDY.TOTL.KN',2018,96431086020761),('RUS','SP.DYN.LE00.IN',1960,66.0552926829268),('RUS','SP.DYN.LE00.IN',1961,66.5970243902439),('RUS','SP.DYN.LE00.IN',1962,67.0214146341464),('RUS','SP.DYN.LE00.IN',1963,67.3399024390244),('RUS','SP.DYN.LE00.IN',1964,67.566512195122),('RUS','SP.DYN.LE00.IN',1965,67.7188536585366),('RUS','SP.DYN.LE00.IN',1966,67.812512195122),('RUS','SP.DYN.LE00.IN',1967,67.86014634146339),('RUS','SP.DYN.LE00.IN',1968,67.87434146341461),('RUS','SP.DYN.LE00.IN',1969,67.8671219512195),('RUS','SP.DYN.LE00.IN',1970,68.1336585365854),('RUS','SP.DYN.LE00.IN',1971,68.3765853658537),('RUS','SP.DYN.LE00.IN',1972,68.3085365853659),('RUS','SP.DYN.LE00.IN',1973,68.2946341463415),('RUS','SP.DYN.LE00.IN',1974,68.320243902439),('RUS','SP.DYN.LE00.IN',1975,67.7239024390244),('RUS','SP.DYN.LE00.IN',1976,67.4875609756098),('RUS','SP.DYN.LE00.IN',1977,67.3763414634146),('RUS','SP.DYN.LE00.IN',1978,67.3909756097561),('RUS','SP.DYN.LE00.IN',1979,67.11439024390239),('RUS','SP.DYN.LE00.IN',1980,67.0339024390244),('RUS','SP.DYN.LE00.IN',1981,67.2639024390244),('RUS','SP.DYN.LE00.IN',1982,67.8060975609756),('RUS','SP.DYN.LE00.IN',1983,67.6526829268293),('RUS','SP.DYN.LE00.IN',1984,67.2026829268293),('RUS','SP.DYN.LE00.IN',1985,67.8568292682927),('RUS','SP.DYN.LE00.IN',1986,69.38975609756099),('RUS','SP.DYN.LE00.IN',1987,69.44),('RUS','SP.DYN.LE00.IN',1988,69.4643902439024),('RUS','SP.DYN.LE00.IN',1989,69.1717073170732),('RUS','SP.DYN.LE00.IN',1990,68.8860975609756),('RUS','SP.DYN.LE00.IN',1991,68.47439024390239),('RUS','SP.DYN.LE00.IN',1992,66.87317073170729),('RUS','SP.DYN.LE00.IN',1993,64.9358536585366),('RUS','SP.DYN.LE00.IN',1994,64.46707317073171),('RUS','SP.DYN.LE00.IN',1995,64.6907317073171),('RUS','SP.DYN.LE00.IN',1996,65.85414634146339),('RUS','SP.DYN.LE00.IN',1997,66.6987804878049),('RUS','SP.DYN.LE00.IN',1998,67.02975609756099),('RUS','SP.DYN.LE00.IN',1999,65.9821951219512),('RUS','SP.DYN.LE00.IN',2000,65.4836585365854),('RUS','SP.DYN.LE00.IN',2001,65.3834146341463),('RUS','SP.DYN.LE00.IN',2002,65.1287804878049),('RUS','SP.DYN.LE00.IN',2003,65.04780487804881),('RUS','SP.DYN.LE00.IN',2004,65.4709756097561),('RUS','SP.DYN.LE00.IN',2005,65.52975609756099),('RUS','SP.DYN.LE00.IN',2006,66.7275609756098),('RUS','SP.DYN.LE00.IN',2007,67.5868292682927),('RUS','SP.DYN.LE00.IN',2008,67.9492682926829),('RUS','SP.DYN.LE00.IN',2009,68.6846341463415),('RUS','SP.DYN.LE00.IN',2010,68.8412195121951),('RUS','SP.DYN.LE00.IN',2011,69.68390243902441),('RUS','SP.DYN.LE00.IN',2012,70.0721951219512),('RUS','SP.DYN.LE00.IN',2013,70.5787804878049),('RUS','SP.DYN.LE00.IN',2014,70.74365853658541),('RUS','SP.DYN.LE00.IN',2015,71.1834146341463),('RUS','SP.DYN.LE00.IN',2016,71.6512195121951),('RUS','SP.DYN.LE00.IN',2017,72.11902439024391),('RUS','SP.DYN.TFRT.IN',1960,2.52),('RUS','SP.DYN.TFRT.IN',1961,2.45),('RUS','SP.DYN.TFRT.IN',1962,2.36),('RUS','SP.DYN.TFRT.IN',1963,2.27),('RUS','SP.DYN.TFRT.IN',1964,2.18),('RUS','SP.DYN.TFRT.IN',1965,2.13),('RUS','SP.DYN.TFRT.IN',1966,2.1),('RUS','SP.DYN.TFRT.IN',1967,2.04),('RUS','SP.DYN.TFRT.IN',1968,1.99),('RUS','SP.DYN.TFRT.IN',1969,1.97),('RUS','SP.DYN.TFRT.IN',1970,1.99),('RUS','SP.DYN.TFRT.IN',1971,2.03),('RUS','SP.DYN.TFRT.IN',1972,2.04),('RUS','SP.DYN.TFRT.IN',1973,2.01),('RUS','SP.DYN.TFRT.IN',1974,2),('RUS','SP.DYN.TFRT.IN',1975,1.98),('RUS','SP.DYN.TFRT.IN',1976,1.97),('RUS','SP.DYN.TFRT.IN',1977,1.95),('RUS','SP.DYN.TFRT.IN',1978,1.92),('RUS','SP.DYN.TFRT.IN',1979,1.9),('RUS','SP.DYN.TFRT.IN',1980,1.89),('RUS','SP.DYN.TFRT.IN',1981,1.91),('RUS','SP.DYN.TFRT.IN',1982,2.04),('RUS','SP.DYN.TFRT.IN',1983,2.11),('RUS','SP.DYN.TFRT.IN',1984,2.06),('RUS','SP.DYN.TFRT.IN',1985,2.05),('RUS','SP.DYN.TFRT.IN',1986,2.15),('RUS','SP.DYN.TFRT.IN',1987,2.22),('RUS','SP.DYN.TFRT.IN',1988,2.12),('RUS','SP.DYN.TFRT.IN',1989,2.01),('RUS','SP.DYN.TFRT.IN',1990,1.892),('RUS','SP.DYN.TFRT.IN',1991,1.732),('RUS','SP.DYN.TFRT.IN',1992,1.5519999999999998),('RUS','SP.DYN.TFRT.IN',1993,1.385),('RUS','SP.DYN.TFRT.IN',1994,1.4),('RUS','SP.DYN.TFRT.IN',1995,1.337),('RUS','SP.DYN.TFRT.IN',1996,1.27),('RUS','SP.DYN.TFRT.IN',1997,1.218),('RUS','SP.DYN.TFRT.IN',1998,1.232),('RUS','SP.DYN.TFRT.IN',1999,1.157),('RUS','SP.DYN.TFRT.IN',2000,1.195),('RUS','SP.DYN.TFRT.IN',2001,1.223),('RUS','SP.DYN.TFRT.IN',2002,1.286),('RUS','SP.DYN.TFRT.IN',2003,1.32),('RUS','SP.DYN.TFRT.IN',2004,1.344),('RUS','SP.DYN.TFRT.IN',2005,1.294),('RUS','SP.DYN.TFRT.IN',2006,1.305),('RUS','SP.DYN.TFRT.IN',2007,1.416),('RUS','SP.DYN.TFRT.IN',2008,1.5019999999999998),('RUS','SP.DYN.TFRT.IN',2009,1.5419999999999998),('RUS','SP.DYN.TFRT.IN',2010,1.567),('RUS','SP.DYN.TFRT.IN',2011,1.582),('RUS','SP.DYN.TFRT.IN',2012,1.6909999999999998),('RUS','SP.DYN.TFRT.IN',2013,1.707),('RUS','SP.DYN.TFRT.IN',2014,1.75),('RUS','SP.DYN.TFRT.IN',2015,1.777),('RUS','SP.DYN.TFRT.IN',2016,1.7619999999999998),('RUS','SP.DYN.TFRT.IN',2017,1.7619999999999998),('RUS','SP.POP.TOTL',1960,119897000),('RUS','SP.POP.TOTL',1961,121236000),('RUS','SP.POP.TOTL',1962,122591000),('RUS','SP.POP.TOTL',1963,123960000),('RUS','SP.POP.TOTL',1964,125345000),('RUS','SP.POP.TOTL',1965,126745000),('RUS','SP.POP.TOTL',1966,127468000),('RUS','SP.POP.TOTL',1967,128196000),('RUS','SP.POP.TOTL',1968,128928000),('RUS','SP.POP.TOTL',1969,129664000),('RUS','SP.POP.TOTL',1970,130404000),('RUS','SP.POP.TOTL',1971,131155000),('RUS','SP.POP.TOTL',1972,131909000),('RUS','SP.POP.TOTL',1973,132669000),('RUS','SP.POP.TOTL',1974,133432000),('RUS','SP.POP.TOTL',1975,134200000),('RUS','SP.POP.TOTL',1976,135147000),('RUS','SP.POP.TOTL',1977,136100000),('RUS','SP.POP.TOTL',1978,137060000),('RUS','SP.POP.TOTL',1979,138027000),('RUS','SP.POP.TOTL',1980,139010000),('RUS','SP.POP.TOTL',1981,139941000),('RUS','SP.POP.TOTL',1982,140823000),('RUS','SP.POP.TOTL',1983,141668000),('RUS','SP.POP.TOTL',1984,142745000),('RUS','SP.POP.TOTL',1985,143858000),('RUS','SP.POP.TOTL',1986,144894000),('RUS','SP.POP.TOTL',1987,145908000),('RUS','SP.POP.TOTL',1988,146857000),('RUS','SP.POP.TOTL',1989,147721000),('RUS','SP.POP.TOTL',1990,148292000),('RUS','SP.POP.TOTL',1991,148624000),('RUS','SP.POP.TOTL',1992,148689000),('RUS','SP.POP.TOTL',1993,148520000),('RUS','SP.POP.TOTL',1994,148336000),('RUS','SP.POP.TOTL',1995,148375726),('RUS','SP.POP.TOTL',1996,148160042),('RUS','SP.POP.TOTL',1997,147915307),('RUS','SP.POP.TOTL',1998,147670692),('RUS','SP.POP.TOTL',1999,147214392),('RUS','SP.POP.TOTL',2000,146596557),('RUS','SP.POP.TOTL',2001,145976083),('RUS','SP.POP.TOTL',2002,145306046),('RUS','SP.POP.TOTL',2003,144648257),('RUS','SP.POP.TOTL',2004,144067054),('RUS','SP.POP.TOTL',2005,143518523),('RUS','SP.POP.TOTL',2006,143049528),('RUS','SP.POP.TOTL',2007,142805088),('RUS','SP.POP.TOTL',2008,142742350),('RUS','SP.POP.TOTL',2009,142785342),('RUS','SP.POP.TOTL',2010,142849449),('RUS','SP.POP.TOTL',2011,142960868),('RUS','SP.POP.TOTL',2012,143201676),('RUS','SP.POP.TOTL',2013,143506911),('RUS','SP.POP.TOTL',2014,143819666),('RUS','SP.POP.TOTL',2015,144096870),('RUS','SP.POP.TOTL',2016,144342396),('RUS','SP.POP.TOTL',2017,144496740),('RUS','SP.POP.TOTL',2018,144478050),('SAU','EN.ATM.CO2E.PC',1960,0.655055537216211),('SAU','EN.ATM.CO2E.PC',1961,0.8465945601802201),('SAU','EN.ATM.CO2E.PC',1962,1.4339236442035),('SAU','EN.ATM.CO2E.PC',1963,1.53774986256051),('SAU','EN.ATM.CO2E.PC',1964,1.5068473293769198),('SAU','EN.ATM.CO2E.PC',1965,0.871394520850559),('SAU','EN.ATM.CO2E.PC',1966,1.2787889276875),('SAU','EN.ATM.CO2E.PC',1967,4.90991129200685),('SAU','EN.ATM.CO2E.PC',1968,5.40198740568556),('SAU','EN.ATM.CO2E.PC',1969,6.3040739626965),('SAU','EN.ATM.CO2E.PC',1970,7.76012650973059),('SAU','EN.ATM.CO2E.PC',1971,9.80371030776186),('SAU','EN.ATM.CO2E.PC',1972,11.0033460191429),('SAU','EN.ATM.CO2E.PC',1973,14.174275837193),('SAU','EN.ATM.CO2E.PC',1974,14.0036192337068),('SAU','EN.ATM.CO2E.PC',1975,11.232066935031801),('SAU','EN.ATM.CO2E.PC',1976,13.014378324233801),('SAU','EN.ATM.CO2E.PC',1977,14.3982421622046),('SAU','EN.ATM.CO2E.PC',1978,13.3150066874103),('SAU','EN.ATM.CO2E.PC',1979,15.116764447779),('SAU','EN.ATM.CO2E.PC',1980,17.4797315702995),('SAU','EN.ATM.CO2E.PC',1981,17.0185655718826),('SAU','EN.ATM.CO2E.PC',1982,14.386551899456695),('SAU','EN.ATM.CO2E.PC',1983,13.7637134642062),('SAU','EN.ATM.CO2E.PC',1984,12.5386560445208),('SAU','EN.ATM.CO2E.PC',1985,13.160565067760901),('SAU','EN.ATM.CO2E.PC',1986,14.852581290712399),('SAU','EN.ATM.CO2E.PC',1987,13.2016021962566),('SAU','EN.ATM.CO2E.PC',1988,13.440808019491902),('SAU','EN.ATM.CO2E.PC',1989,13.004893243119302),('SAU','EN.ATM.CO2E.PC',1990,11.445465305842099),('SAU','EN.ATM.CO2E.PC',1991,15.964519891676302),('SAU','EN.ATM.CO2E.PC',1992,16.5214214615074),('SAU','EN.ATM.CO2E.PC',1993,17.666662632130606),('SAU','EN.ATM.CO2E.PC',1994,16.9075462530614),('SAU','EN.ATM.CO2E.PC',1995,12.616756820065598),('SAU','EN.ATM.CO2E.PC',1996,13.594250347210501),('SAU','EN.ATM.CO2E.PC',1997,11.1422548977072),('SAU','EN.ATM.CO2E.PC',1998,10.4977684718387),('SAU','EN.ATM.CO2E.PC',1999,11.2138923580632),('SAU','EN.ATM.CO2E.PC',2000,14.369801638543198),('SAU','EN.ATM.CO2E.PC',2001,14.017782170731401),('SAU','EN.ATM.CO2E.PC',2002,14.969150133272601),('SAU','EN.ATM.CO2E.PC',2003,14.5735196733938),('SAU','EN.ATM.CO2E.PC',2004,17.1114752279913),('SAU','EN.ATM.CO2E.PC',2005,16.6963004105234),('SAU','EN.ATM.CO2E.PC',2006,17.6640349068977),('SAU','EN.ATM.CO2E.PC',2007,15.397423909542804),('SAU','EN.ATM.CO2E.PC',2008,16.6164547472953),('SAU','EN.ATM.CO2E.PC',2009,17.610212546211),('SAU','EN.ATM.CO2E.PC',2010,18.9082484700578),('SAU','EN.ATM.CO2E.PC',2011,17.6837298844953),('SAU','EN.ATM.CO2E.PC',2012,19.3736599254191),('SAU','EN.ATM.CO2E.PC',2013,18.003400413902106),('SAU','EN.ATM.CO2E.PC',2014,19.44066648264711),('SAU','NE.EXP.GNFS.ZS',1968,47.733686087562),('SAU','NE.EXP.GNFS.ZS',1969,48.19018423234471),('SAU','NE.EXP.GNFS.ZS',1970,50.80054549962811),('SAU','NE.EXP.GNFS.ZS',1971,53.9842044855291),('SAU','NE.EXP.GNFS.ZS',1972,61.584676452965795),('SAU','NE.EXP.GNFS.ZS',1973,99.70426323009173),('SAU','NE.EXP.GNFS.ZS',1974,62.9359778185788),('SAU','NE.EXP.GNFS.ZS',1975,73.3336789643226),('SAU','NE.EXP.GNFS.ZS',1976,59.72943524829601),('SAU','NE.EXP.GNFS.ZS',1977,57.420627788973),('SAU','NE.EXP.GNFS.ZS',1978,49.316710093780614),('SAU','NE.EXP.GNFS.ZS',1979,54.8563858934186),('SAU','NE.EXP.GNFS.ZS',1980,63.455801352257396),('SAU','NE.EXP.GNFS.ZS',1981,62.818692680234896),('SAU','NE.EXP.GNFS.ZS',1982,50.73172495973989),('SAU','NE.EXP.GNFS.ZS',1983,38.4686570107195),('SAU','NE.EXP.GNFS.ZS',1984,34.5219400414652),('SAU','NE.EXP.GNFS.ZS',1985,30.071110071800998),('SAU','NE.EXP.GNFS.ZS',1986,26.7029998136762),('SAU','NE.EXP.GNFS.ZS',1987,30.8617740261925),('SAU','NE.EXP.GNFS.ZS',1988,31.3237665610752),('SAU','NE.EXP.GNFS.ZS',1989,33.7456765574895),('SAU','NE.EXP.GNFS.ZS',1990,40.3347940771336),('SAU','NE.EXP.GNFS.ZS',1991,38.3083885682493),('SAU','NE.EXP.GNFS.ZS',1992,39.10679938531221),('SAU','NE.EXP.GNFS.ZS',1993,34.3528303929234),('SAU','NE.EXP.GNFS.ZS',1994,34.0009515505752),('SAU','NE.EXP.GNFS.ZS',1995,37.337864238336),('SAU','NE.EXP.GNFS.ZS',1996,40.0228422766992),('SAU','NE.EXP.GNFS.ZS',1997,39.158628004654396),('SAU','NE.EXP.GNFS.ZS',1998,29.6323754547648),('SAU','NE.EXP.GNFS.ZS',1999,34.6664938544479),('SAU','NE.EXP.GNFS.ZS',2000,43.4052706614089),('SAU','NE.EXP.GNFS.ZS',2001,39.633722261429604),('SAU','NE.EXP.GNFS.ZS',2002,40.9487917017867),('SAU','NE.EXP.GNFS.ZS',2003,45.854165777314996),('SAU','NE.EXP.GNFS.ZS',2004,50.9853310838178),('SAU','NE.EXP.GNFS.ZS',2005,57.050742989557),('SAU','NE.EXP.GNFS.ZS',2006,59.8319082445442),('SAU','NE.EXP.GNFS.ZS',2007,59.9374401392842),('SAU','NE.EXP.GNFS.ZS',2008,62.111502033102205),('SAU','NE.EXP.GNFS.ZS',2009,47.0886206534391),('SAU','NE.EXP.GNFS.ZS',2010,49.56979003694001),('SAU','NE.EXP.GNFS.ZS',2011,56.0492397321467),('SAU','NE.EXP.GNFS.ZS',2012,54.270840496372614),('SAU','NE.EXP.GNFS.ZS',2013,51.917957604633294),('SAU','NE.EXP.GNFS.ZS',2014,46.8752915114018),('SAU','NE.EXP.GNFS.ZS',2015,33.321171241809694),('SAU','NE.EXP.GNFS.ZS',2016,31.1442093932068),('SAU','NE.EXP.GNFS.ZS',2017,34.853060472202394),('SAU','NE.EXP.GNFS.ZS',2018,39.9024873871269),('SAU','NE.IMP.GNFS.ZS',1968,24.715255368245),('SAU','NE.IMP.GNFS.ZS',1969,24.9425757933987),('SAU','NE.IMP.GNFS.ZS',1970,21.5646747665096),('SAU','NE.IMP.GNFS.ZS',1971,17.917017712566302),('SAU','NE.IMP.GNFS.ZS',1972,18.2711329139205),('SAU','NE.IMP.GNFS.ZS',1973,20.9160656270305),('SAU','NE.IMP.GNFS.ZS',1974,13.2024513695911),('SAU','NE.IMP.GNFS.ZS',1975,21.7327034583359),('SAU','NE.IMP.GNFS.ZS',1976,24.251460564751703),('SAU','NE.IMP.GNFS.ZS',1977,32.561056282287105),('SAU','NE.IMP.GNFS.ZS',1978,41.5976780236815),('SAU','NE.IMP.GNFS.ZS',1979,34.2439444802068),('SAU','NE.IMP.GNFS.ZS',1980,27.300363001273304),('SAU','NE.IMP.GNFS.ZS',1981,30.0931874802484),('SAU','NE.IMP.GNFS.ZS',1982,39.1183513726505),('SAU','NE.IMP.GNFS.ZS',1983,47.676612411716214),('SAU','NE.IMP.GNFS.ZS',1984,45.222484213323),('SAU','NE.IMP.GNFS.ZS',1985,36.6424141284764),('SAU','NE.IMP.GNFS.ZS',1986,35.7862865660518),('SAU','NE.IMP.GNFS.ZS',1987,37.13259236409071),('SAU','NE.IMP.GNFS.ZS',1988,35.202817387200106),('SAU','NE.IMP.GNFS.ZS',1989,38.0773808690295),('SAU','NE.IMP.GNFS.ZS',1990,31.3732216282657),('SAU','NE.IMP.GNFS.ZS',1991,36.39088907192609),('SAU','NE.IMP.GNFS.ZS',1992,35.9852208437376),('SAU','NE.IMP.GNFS.ZS',1993,33.4541724792162),('SAU','NE.IMP.GNFS.ZS',1994,26.070365853713398),('SAU','NE.IMP.GNFS.ZS',1995,27.703902819965002),('SAU','NE.IMP.GNFS.ZS',1996,26.6310133173372),('SAU','NE.IMP.GNFS.ZS',1997,26.029489020843602),('SAU','NE.IMP.GNFS.ZS',1998,26.4560051516013),('SAU','NE.IMP.GNFS.ZS',1999,23.1795931195673),('SAU','NE.IMP.GNFS.ZS',2000,24.761180700094),('SAU','NE.IMP.GNFS.ZS',2001,23.9269063834781),('SAU','NE.IMP.GNFS.ZS',2002,23.643987457382398),('SAU','NE.IMP.GNFS.ZS',2003,23.9770301966002),('SAU','NE.IMP.GNFS.ZS',2004,24.0975055731163),('SAU','NE.IMP.GNFS.ZS',2005,24.903332951458893),('SAU','NE.IMP.GNFS.ZS',2006,30.1126964323542),('SAU','NE.IMP.GNFS.ZS',2007,34.9258769574815),('SAU','NE.IMP.GNFS.ZS',2008,33.9911288411164),('SAU','NE.IMP.GNFS.ZS',2009,37.7697209090451),('SAU','NE.IMP.GNFS.ZS',2010,32.9800376316971),('SAU','NE.IMP.GNFS.ZS',2011,29.4942805507509),('SAU','NE.IMP.GNFS.ZS',2012,29.2409476865863),('SAU','NE.IMP.GNFS.ZS',2013,30.7910914753617),('SAU','NE.IMP.GNFS.ZS',2014,33.7651794890848),('SAU','NE.IMP.GNFS.ZS',2015,38.7538247594186),('SAU','NE.IMP.GNFS.ZS',2016,30.717832631118302),('SAU','NE.IMP.GNFS.ZS',2017,29.342124433265198),('SAU','NE.IMP.GNFS.ZS',2018,26.664333917291604),('SAU','NE.TRD.GNFS.ZS',1968,72.448941455807),('SAU','NE.TRD.GNFS.ZS',1969,73.13276002574341),('SAU','NE.TRD.GNFS.ZS',1970,72.36522026613771),('SAU','NE.TRD.GNFS.ZS',1971,71.90122219809541),('SAU','NE.TRD.GNFS.ZS',1972,79.8558093668863),('SAU','NE.TRD.GNFS.ZS',1973,120.620328857122),('SAU','NE.TRD.GNFS.ZS',1974,76.13842918816991),('SAU','NE.TRD.GNFS.ZS',1975,95.0663824226585),('SAU','NE.TRD.GNFS.ZS',1976,83.98089581304771),('SAU','NE.TRD.GNFS.ZS',1977,89.98168407125998),('SAU','NE.TRD.GNFS.ZS',1978,90.9143881174621),('SAU','NE.TRD.GNFS.ZS',1979,89.10033037362541),('SAU','NE.TRD.GNFS.ZS',1980,90.7561643535307),('SAU','NE.TRD.GNFS.ZS',1981,92.9118801604833),('SAU','NE.TRD.GNFS.ZS',1982,89.8500763323904),('SAU','NE.TRD.GNFS.ZS',1983,86.1452694224357),('SAU','NE.TRD.GNFS.ZS',1984,79.7444242547882),('SAU','NE.TRD.GNFS.ZS',1985,66.71352420027739),('SAU','NE.TRD.GNFS.ZS',1986,62.489286379728),('SAU','NE.TRD.GNFS.ZS',1987,67.9943663902833),('SAU','NE.TRD.GNFS.ZS',1988,66.5265839482753),('SAU','NE.TRD.GNFS.ZS',1989,71.823057426519),('SAU','NE.TRD.GNFS.ZS',1990,71.70801570539929),('SAU','NE.TRD.GNFS.ZS',1991,74.69927764017541),('SAU','NE.TRD.GNFS.ZS',1992,75.0920202290498),('SAU','NE.TRD.GNFS.ZS',1993,67.80700287213959),('SAU','NE.TRD.GNFS.ZS',1994,60.0713174042886),('SAU','NE.TRD.GNFS.ZS',1995,65.0417670583011),('SAU','NE.TRD.GNFS.ZS',1996,66.6538555940364),('SAU','NE.TRD.GNFS.ZS',1997,65.188117025498),('SAU','NE.TRD.GNFS.ZS',1998,56.0883806063661),('SAU','NE.TRD.GNFS.ZS',1999,57.84608697401521),('SAU','NE.TRD.GNFS.ZS',2000,68.1664513615029),('SAU','NE.TRD.GNFS.ZS',2001,63.5606286449077),('SAU','NE.TRD.GNFS.ZS',2002,64.592779159169),('SAU','NE.TRD.GNFS.ZS',2003,69.8311959739153),('SAU','NE.TRD.GNFS.ZS',2004,75.08283665693409),('SAU','NE.TRD.GNFS.ZS',2005,81.9540759410158),('SAU','NE.TRD.GNFS.ZS',2006,89.94460467689841),('SAU','NE.TRD.GNFS.ZS',2007,94.86331709676573),('SAU','NE.TRD.GNFS.ZS',2008,96.1026308742185),('SAU','NE.TRD.GNFS.ZS',2009,84.8583415624843),('SAU','NE.TRD.GNFS.ZS',2010,82.54982766863709),('SAU','NE.TRD.GNFS.ZS',2011,85.5435202828977),('SAU','NE.TRD.GNFS.ZS',2012,83.51178818295891),('SAU','NE.TRD.GNFS.ZS',2013,82.709049079995),('SAU','NE.TRD.GNFS.ZS',2014,80.6404710004866),('SAU','NE.TRD.GNFS.ZS',2015,72.0749960012283),('SAU','NE.TRD.GNFS.ZS',2016,61.86204202432511),('SAU','NE.TRD.GNFS.ZS',2017,64.1951849054675),('SAU','NE.TRD.GNFS.ZS',2018,66.5668213044185),('SAU','NY.GDP.MKTP.KD.ZG',1969,6.0378865487125095),('SAU','NY.GDP.MKTP.KD.ZG',1970,58.6473306544578),('SAU','NY.GDP.MKTP.KD.ZG',1971,20.5122167398356),('SAU','NY.GDP.MKTP.KD.ZG',1972,22.930640259538002),('SAU','NY.GDP.MKTP.KD.ZG',1973,24.1705285281676),('SAU','NY.GDP.MKTP.KD.ZG',1974,16.2280652688214),('SAU','NY.GDP.MKTP.KD.ZG',1975,-8.928614314225461),('SAU','NY.GDP.MKTP.KD.ZG',1976,17.8209742032695),('SAU','NY.GDP.MKTP.KD.ZG',1977,7.09335989804639),('SAU','NY.GDP.MKTP.KD.ZG',1978,-5.21972606960549),('SAU','NY.GDP.MKTP.KD.ZG',1979,11.919431558705499),('SAU','NY.GDP.MKTP.KD.ZG',1980,5.652457607116821),('SAU','NY.GDP.MKTP.KD.ZG',1981,1.94300445362407),('SAU','NY.GDP.MKTP.KD.ZG',1982,-20.72988831056961),('SAU','NY.GDP.MKTP.KD.ZG',1983,-16.051386213733302),('SAU','NY.GDP.MKTP.KD.ZG',1984,-4.66145191973627),('SAU','NY.GDP.MKTP.KD.ZG',1985,-9.794502272239999),('SAU','NY.GDP.MKTP.KD.ZG',1986,17.012746267606),('SAU','NY.GDP.MKTP.KD.ZG',1987,-6.63249602314835),('SAU','NY.GDP.MKTP.KD.ZG',1988,13.109312940329099),('SAU','NY.GDP.MKTP.KD.ZG',1989,-0.503015880487268),('SAU','NY.GDP.MKTP.KD.ZG',1990,15.1934258909531),('SAU','NY.GDP.MKTP.KD.ZG',1991,15.007880251111699),('SAU','NY.GDP.MKTP.KD.ZG',1992,3.987540168549701),('SAU','NY.GDP.MKTP.KD.ZG',1993,-1.3637414292428502),('SAU','NY.GDP.MKTP.KD.ZG',1994,0.5587201853892049),('SAU','NY.GDP.MKTP.KD.ZG',1995,0.212091347506288),('SAU','NY.GDP.MKTP.KD.ZG',1996,2.6374242169505497),('SAU','NY.GDP.MKTP.KD.ZG',1997,1.10378204854823),('SAU','NY.GDP.MKTP.KD.ZG',1998,2.8933625194487),('SAU','NY.GDP.MKTP.KD.ZG',1999,-3.76328521563148),('SAU','NY.GDP.MKTP.KD.ZG',2000,5.62541614258343),('SAU','NY.GDP.MKTP.KD.ZG',2001,-1.21074386284246),('SAU','NY.GDP.MKTP.KD.ZG',2002,-2.8191744042884),('SAU','NY.GDP.MKTP.KD.ZG',2003,11.24206138556),('SAU','NY.GDP.MKTP.KD.ZG',2004,7.9584416636786),('SAU','NY.GDP.MKTP.KD.ZG',2005,5.573850121428831),('SAU','NY.GDP.MKTP.KD.ZG',2006,2.7884022277423703),('SAU','NY.GDP.MKTP.KD.ZG',2007,1.84713025161132),('SAU','NY.GDP.MKTP.KD.ZG',2008,6.249772754792991),('SAU','NY.GDP.MKTP.KD.ZG',2009,-2.05926819384065),('SAU','NY.GDP.MKTP.KD.ZG',2010,5.03949367491363),('SAU','NY.GDP.MKTP.KD.ZG',2011,9.99685779371227),('SAU','NY.GDP.MKTP.KD.ZG',2012,5.4114449021519695),('SAU','NY.GDP.MKTP.KD.ZG',2013,2.69925472093664),('SAU','NY.GDP.MKTP.KD.ZG',2014,3.65248170123174),('SAU','NY.GDP.MKTP.KD.ZG',2015,4.10640886893449),('SAU','NY.GDP.MKTP.KD.ZG',2016,1.67062475672668),('SAU','NY.GDP.MKTP.KD.ZG',2017,-0.7415026515431009),('SAU','NY.GDP.MKTP.KD.ZG',2018,2.43411077754232),('SAU','NY.GDP.MKTP.KN',1968,287965000000),('SAU','NY.GDP.MKTP.KN',1969,305352000000),('SAU','NY.GDP.MKTP.KN',1970,484432797100),('SAU','NY.GDP.MKTP.KN',1971,583800702400),('SAU','NY.GDP.MKTP.KN',1972,717669941300),('SAU','NY.GDP.MKTP.KN',1973,891134559200),('SAU','NY.GDP.MKTP.KN',1974,1035748457100),('SAU','NY.GDP.MKTP.KN',1975,943270472100),('SAU','NY.GDP.MKTP.KN',1976,1111370459600),('SAU','NY.GDP.MKTP.KN',1977,1190203966100),('SAU','NY.GDP.MKTP.KN',1978,1128078579400),('SAU','NY.GDP.MKTP.KN',1979,1262539133600),('SAU','NY.GDP.MKTP.KN',1980,1333903622900),('SAU','NY.GDP.MKTP.KN',1981,1359821429700),('SAU','NY.GDP.MKTP.KN',1982,1077931966100),('SAU','NY.GDP.MKTP.KN',1983,904908943100),('SAU','NY.GDP.MKTP.KN',1984,862727047800),('SAU','NY.GDP.MKTP.KN',1985,778227227500),('SAU','NY.GDP.MKTP.KN',1986,910625051100),('SAU','NY.GDP.MKTP.KN',1987,850227880800),('SAU','NY.GDP.MKTP.KN',1988,961686914400),('SAU','NY.GDP.MKTP.KN',1989,956849476500),('SAU','NY.GDP.MKTP.KN',1990,1102227692600),('SAU','NY.GDP.MKTP.KN',1991,1267648704800),('SAU','NY.GDP.MKTP.KN',1992,1318196706100),('SAU','NY.GDP.MKTP.KN',1993,1300219911500),('SAU','NY.GDP.MKTP.KN',1994,1307484502600),('SAU','NY.GDP.MKTP.KN',1995,1310257564100),('SAU','NY.GDP.MKTP.KN',1996,1344814614400),('SAU','NY.GDP.MKTP.KN',1997,1359658436700),('SAU','NY.GDP.MKTP.KN',1998,1398998284300),('SAU','NY.GDP.MKTP.KN',1999,1346349988700),('SAU','NY.GDP.MKTP.KN',2000,1422087778300),('SAU','NY.GDP.MKTP.KN',2001,1404869937800),('SAU','NY.GDP.MKTP.KN',2002,1365264204100),('SAU','NY.GDP.MKTP.KN',2003,1518748044000),('SAU','NY.GDP.MKTP.KN',2004,1639616721100),('SAU','NY.GDP.MKTP.KN',2005,1731006499700),('SAU','NY.GDP.MKTP.KN',2006,1779273923500),('SAU','NY.GDP.MKTP.KN',2007,1812139430400),('SAU','NY.GDP.MKTP.KN',2008,1925394026800),('SAU','NY.GDP.MKTP.KN',2009,1885745000000),('SAU','NY.GDP.MKTP.KN',2010,1980777000000),('SAU','NY.GDP.MKTP.KN',2011,2178792459900.56),('SAU','NY.GDP.MKTP.KN',2012,2296696613400.32),('SAU','NY.GDP.MKTP.KN',2013,2358690305163.12),('SAU','NY.GDP.MKTP.KN',2014,2444841036947.93),('SAU','NY.GDP.MKTP.KN',2015,2545236206120.51),('SAU','NY.GDP.MKTP.KN',2016,2587757552297.13),('SAU','NY.GDP.MKTP.KN',2017,2568569261431.34),('SAU','NY.GDP.MKTP.KN',2018,2631091082652.48),('SAU','NY.GDP.PCAP.KD.ZG',1969,2.02208720149071),('SAU','NY.GDP.PCAP.KD.ZG',1970,52.21908983812101),('SAU','NY.GDP.PCAP.KD.ZG',1971,15.292459519071),('SAU','NY.GDP.PCAP.KD.ZG',1972,17.3091474172387),('SAU','NY.GDP.PCAP.KD.ZG',1973,18.269900260286),('SAU','NY.GDP.PCAP.KD.ZG',1974,10.583356135219699),('SAU','NY.GDP.PCAP.KD.ZG',1975,-13.408368387888697),('SAU','NY.GDP.PCAP.KD.ZG',1976,12.0312935627403),('SAU','NY.GDP.PCAP.KD.ZG',1977,1.81194095929997),('SAU','NY.GDP.PCAP.KD.ZG',1978,-10.0333393280813),('SAU','NY.GDP.PCAP.KD.ZG',1979,5.9047612413882105),('SAU','NY.GDP.PCAP.KD.ZG',1980,-0.382104337416905),('SAU','NY.GDP.PCAP.KD.ZG',1981,-4.18931939164781),('SAU','NY.GDP.PCAP.KD.ZG',1982,-25.614114961199608),('SAU','NY.GDP.PCAP.KD.ZG',1983,-21.1615344733381),('SAU','NY.GDP.PCAP.KD.ZG',1984,-10.171232305599698),('SAU','NY.GDP.PCAP.KD.ZG',1985,-14.6087582965835),('SAU','NY.GDP.PCAP.KD.ZG',1986,11.285416637795699),('SAU','NY.GDP.PCAP.KD.ZG',1987,-10.843410770268301),('SAU','NY.GDP.PCAP.KD.ZG',1988,8.42276251529597),('SAU','NY.GDP.PCAP.KD.ZG',1989,-4.28958997561743),('SAU','NY.GDP.PCAP.KD.ZG',1990,11.166583914666901),('SAU','NY.GDP.PCAP.KD.ZG',1991,11.3126610014046),('SAU','NY.GDP.PCAP.KD.ZG',1992,0.918959383107222),('SAU','NY.GDP.PCAP.KD.ZG',1993,-4.032461861840201),('SAU','NY.GDP.PCAP.KD.ZG',1994,-1.93211698437101),('SAU','NY.GDP.PCAP.KD.ZG',1995,-2.06926386967066),('SAU','NY.GDP.PCAP.KD.ZG',1996,0.507127603927799),('SAU','NY.GDP.PCAP.KD.ZG',1997,-0.840952448029242),('SAU','NY.GDP.PCAP.KD.ZG',1998,0.9369363819319008),('SAU','NY.GDP.PCAP.KD.ZG',1999,-5.72296223920189),('SAU','NY.GDP.PCAP.KD.ZG',2000,3.2264578364071603),('SAU','NY.GDP.PCAP.KD.ZG',2001,-3.72116461217382),('SAU','NY.GDP.PCAP.KD.ZG',2002,-5.50512829738744),('SAU','NY.GDP.PCAP.KD.ZG',2003,8.015580030544651),('SAU','NY.GDP.PCAP.KD.ZG',2004,4.803447824519741),('SAU','NY.GDP.PCAP.KD.ZG',2005,2.5439845828642795),('SAU','NY.GDP.PCAP.KD.ZG',2006,-0.0736214974208309),('SAU','NY.GDP.PCAP.KD.ZG',2007,-0.928231271107833),('SAU','NY.GDP.PCAP.KD.ZG',2008,3.3606995531745603),('SAU','NY.GDP.PCAP.KD.ZG',2009,-4.787315002245361),('SAU','NY.GDP.PCAP.KD.ZG',2010,2.00891715906506),('SAU','NY.GDP.PCAP.KD.ZG',2011,6.703981812193919),('SAU','NY.GDP.PCAP.KD.ZG',2012,2.20265505033078),('SAU','NY.GDP.PCAP.KD.ZG',2013,-0.367217943283805),('SAU','NY.GDP.PCAP.KD.ZG',2014,0.75423477686536),('SAU','NY.GDP.PCAP.KD.ZG',2015,1.47837223848761),('SAU','NY.GDP.PCAP.KD.ZG',2016,-0.601129290371532),('SAU','NY.GDP.PCAP.KD.ZG',2017,-2.71045514136294),('SAU','NY.GDP.PCAP.KD.ZG',2018,0.607923521071328),('SAU','NY.GDY.TOTL.KN',2000,955533010731.15),('SAU','NY.GDY.TOTL.KN',2001,922710536942.248),('SAU','NY.GDY.TOTL.KN',2002,983485039215.742),('SAU','NY.GDY.TOTL.KN',2003,1073705703342.38),('SAU','NY.GDY.TOTL.KN',2004,1249738613359.17),('SAU','NY.GDY.TOTL.KN',2005,1505703548223.61),('SAU','NY.GDY.TOTL.KN',2006,1670471797971.65),('SAU','NY.GDY.TOTL.KN',2007,1762102223681.98),('SAU','NY.GDY.TOTL.KN',2008,2067595186721.57),('SAU','NY.GDY.TOTL.KN',2009,1709108806515.6),('SAU','NY.GDY.TOTL.KN',2010,1980777000000),('SAU','NY.GDY.TOTL.KN',2011,2406425475351.61),('SAU','NY.GDY.TOTL.KN',2012,2555034156262.83),('SAU','NY.GDY.TOTL.KN',2013,2534758246972.35),('SAU','NY.GDY.TOTL.KN',2014,2483480427563.38),('SAU','NY.GDY.TOTL.KN',2015,2153502186249.3),('SAU','NY.GDY.TOTL.KN',2016,2064184586919.39),('SAU','NY.GDY.TOTL.KN',2017,2199883464464.83),('SAU','NY.GDY.TOTL.KN',2018,2414690624421.09),('SAU','SP.DYN.LE00.IN',1960,45.63800000000001),('SAU','SP.DYN.LE00.IN',1961,46.145),('SAU','SP.DYN.LE00.IN',1962,46.665),('SAU','SP.DYN.LE00.IN',1963,47.207),('SAU','SP.DYN.LE00.IN',1964,47.78100000000001),('SAU','SP.DYN.LE00.IN',1965,48.408),('SAU','SP.DYN.LE00.IN',1966,49.107),('SAU','SP.DYN.LE00.IN',1967,49.88800000000001),('SAU','SP.DYN.LE00.IN',1968,50.75100000000001),('SAU','SP.DYN.LE00.IN',1969,51.692),('SAU','SP.DYN.LE00.IN',1970,52.703),('SAU','SP.DYN.LE00.IN',1971,53.771),('SAU','SP.DYN.LE00.IN',1972,54.872),('SAU','SP.DYN.LE00.IN',1973,55.981),('SAU','SP.DYN.LE00.IN',1974,57.078),('SAU','SP.DYN.LE00.IN',1975,58.148),('SAU','SP.DYN.LE00.IN',1976,59.179),('SAU','SP.DYN.LE00.IN',1977,60.169),('SAU','SP.DYN.LE00.IN',1978,61.11600000000001),('SAU','SP.DYN.LE00.IN',1979,62.01600000000001),('SAU','SP.DYN.LE00.IN',1980,62.863),('SAU','SP.DYN.LE00.IN',1981,63.66),('SAU','SP.DYN.LE00.IN',1982,64.411),('SAU','SP.DYN.LE00.IN',1983,65.122),('SAU','SP.DYN.LE00.IN',1984,65.795),('SAU','SP.DYN.LE00.IN',1985,66.43),('SAU','SP.DYN.LE00.IN',1986,67.028),('SAU','SP.DYN.LE00.IN',1987,67.589),('SAU','SP.DYN.LE00.IN',1988,68.116),('SAU','SP.DYN.LE00.IN',1989,68.611),('SAU','SP.DYN.LE00.IN',1990,69.078),('SAU','SP.DYN.LE00.IN',1991,69.52199999999999),('SAU','SP.DYN.LE00.IN',1992,69.945),('SAU','SP.DYN.LE00.IN',1993,70.34899999999999),('SAU','SP.DYN.LE00.IN',1994,70.733),('SAU','SP.DYN.LE00.IN',1995,71.09899999999998),('SAU','SP.DYN.LE00.IN',1996,71.445),('SAU','SP.DYN.LE00.IN',1997,71.766),('SAU','SP.DYN.LE00.IN',1998,72.06),('SAU','SP.DYN.LE00.IN',1999,72.327),('SAU','SP.DYN.LE00.IN',2000,72.561),('SAU','SP.DYN.LE00.IN',2001,72.759),('SAU','SP.DYN.LE00.IN',2002,72.92),('SAU','SP.DYN.LE00.IN',2003,73.051),('SAU','SP.DYN.LE00.IN',2004,73.15899999999998),('SAU','SP.DYN.LE00.IN',2005,73.256),('SAU','SP.DYN.LE00.IN',2006,73.355),('SAU','SP.DYN.LE00.IN',2007,73.467),('SAU','SP.DYN.LE00.IN',2008,73.598),('SAU','SP.DYN.LE00.IN',2009,73.75),('SAU','SP.DYN.LE00.IN',2010,73.917),('SAU','SP.DYN.LE00.IN',2011,74.089),('SAU','SP.DYN.LE00.IN',2012,74.25399999999998),('SAU','SP.DYN.LE00.IN',2013,74.402),('SAU','SP.DYN.LE00.IN',2014,74.533),('SAU','SP.DYN.LE00.IN',2015,74.65100000000002),('SAU','SP.DYN.LE00.IN',2016,74.76100000000002),('SAU','SP.DYN.LE00.IN',2017,74.874),('SAU','SP.DYN.TFRT.IN',1960,7.216),('SAU','SP.DYN.TFRT.IN',1961,7.23),('SAU','SP.DYN.TFRT.IN',1962,7.2429999999999986),('SAU','SP.DYN.TFRT.IN',1963,7.252000000000002),('SAU','SP.DYN.TFRT.IN',1964,7.2570000000000014),('SAU','SP.DYN.TFRT.IN',1965,7.26),('SAU','SP.DYN.TFRT.IN',1966,7.262),('SAU','SP.DYN.TFRT.IN',1967,7.2639999999999985),('SAU','SP.DYN.TFRT.IN',1968,7.267),('SAU','SP.DYN.TFRT.IN',1969,7.273),('SAU','SP.DYN.TFRT.IN',1970,7.28),('SAU','SP.DYN.TFRT.IN',1971,7.289),('SAU','SP.DYN.TFRT.IN',1972,7.298999999999999),('SAU','SP.DYN.TFRT.IN',1973,7.307),('SAU','SP.DYN.TFRT.IN',1974,7.312),('SAU','SP.DYN.TFRT.IN',1975,7.313),('SAU','SP.DYN.TFRT.IN',1976,7.309),('SAU','SP.DYN.TFRT.IN',1977,7.298999999999999),('SAU','SP.DYN.TFRT.IN',1978,7.2810000000000015),('SAU','SP.DYN.TFRT.IN',1979,7.252000000000002),('SAU','SP.DYN.TFRT.IN',1980,7.206),('SAU','SP.DYN.TFRT.IN',1981,7.138),('SAU','SP.DYN.TFRT.IN',1982,7.0470000000000015),('SAU','SP.DYN.TFRT.IN',1983,6.933),('SAU','SP.DYN.TFRT.IN',1984,6.797999999999999),('SAU','SP.DYN.TFRT.IN',1985,6.649),('SAU','SP.DYN.TFRT.IN',1986,6.495),('SAU','SP.DYN.TFRT.IN',1987,6.3420000000000005),('SAU','SP.DYN.TFRT.IN',1988,6.194),('SAU','SP.DYN.TFRT.IN',1989,6.0520000000000005),('SAU','SP.DYN.TFRT.IN',1990,5.9110000000000005),('SAU','SP.DYN.TFRT.IN',1991,5.761),('SAU','SP.DYN.TFRT.IN',1992,5.5939999999999985),('SAU','SP.DYN.TFRT.IN',1993,5.407),('SAU','SP.DYN.TFRT.IN',1994,5.2),('SAU','SP.DYN.TFRT.IN',1995,4.98),('SAU','SP.DYN.TFRT.IN',1996,4.754),('SAU','SP.DYN.TFRT.IN',1997,4.533),('SAU','SP.DYN.TFRT.IN',1998,4.325),('SAU','SP.DYN.TFRT.IN',1999,4.137),('SAU','SP.DYN.TFRT.IN',2000,3.971),('SAU','SP.DYN.TFRT.IN',2001,3.83),('SAU','SP.DYN.TFRT.IN',2002,3.708),('SAU','SP.DYN.TFRT.IN',2003,3.6010000000000004),('SAU','SP.DYN.TFRT.IN',2004,3.505),('SAU','SP.DYN.TFRT.IN',2005,3.417),('SAU','SP.DYN.TFRT.IN',2006,3.3310000000000004),('SAU','SP.DYN.TFRT.IN',2007,3.2460000000000004),('SAU','SP.DYN.TFRT.IN',2008,3.158),('SAU','SP.DYN.TFRT.IN',2009,3.0660000000000003),('SAU','SP.DYN.TFRT.IN',2010,2.97),('SAU','SP.DYN.TFRT.IN',2011,2.8710000000000004),('SAU','SP.DYN.TFRT.IN',2012,2.773),('SAU','SP.DYN.TFRT.IN',2013,2.678),('SAU','SP.DYN.TFRT.IN',2014,2.589),('SAU','SP.DYN.TFRT.IN',2015,2.507),('SAU','SP.DYN.TFRT.IN',2016,2.435),('SAU','SP.DYN.TFRT.IN',2017,2.373),('SAU','SP.POP.TOTL',1960,4086539),('SAU','SP.POP.TOTL',1961,4218853),('SAU','SP.POP.TOTL',1962,4362786),('SAU','SP.POP.TOTL',1963,4516533),('SAU','SP.POP.TOTL',1964,4677298),('SAU','SP.POP.TOTL',1965,4843635),('SAU','SP.POP.TOTL',1966,5015357),('SAU','SP.POP.TOTL',1967,5195135),('SAU','SP.POP.TOTL',1968,5387828),('SAU','SP.POP.TOTL',1969,5599904),('SAU','SP.POP.TOTL',1970,5836389),('SAU','SP.POP.TOTL',1971,6100626),('SAU','SP.POP.TOTL',1972,6392970),('SAU','SP.POP.TOTL',1973,6711923),('SAU','SP.POP.TOTL',1974,7054532),('SAU','SP.POP.TOTL',1975,7419493),('SAU','SP.POP.TOTL',1976,7802926),('SAU','SP.POP.TOTL',1977,8207697),('SAU','SP.POP.TOTL',1978,8646845),('SAU','SP.POP.TOTL',1979,9137927),('SAU','SP.POP.TOTL',1980,9691476),('SAU','SP.POP.TOTL',1981,10311775),('SAU','SP.POP.TOTL',1982,10988853),('SAU','SP.POP.TOTL',1983,11701128),('SAU','SP.POP.TOTL',1984,12418834),('SAU','SP.POP.TOTL',1985,13118993),('SAU','SP.POP.TOTL',1986,13794165),('SAU','SP.POP.TOTL',1987,14445671),('SAU','SP.POP.TOTL',1988,15070082),('SAU','SP.POP.TOTL',1989,15666297),('SAU','SP.POP.TOTL',1990,16233785),('SAU','SP.POP.TOTL',1991,16772694),('SAU','SP.POP.TOTL',1992,17282691),('SAU','SP.POP.TOTL',1993,17763298),('SAU','SP.POP.TOTL',1994,18214470),('SAU','SP.POP.TOTL',1995,18638787),('SAU','SP.POP.TOTL',1996,19033845),('SAU','SP.POP.TOTL',1997,19407142),('SAU','SP.POP.TOTL',1998,19783304),('SAU','SP.POP.TOTL',1999,20194527),('SAU','SP.POP.TOTL',2000,20663843),('SAU','SP.POP.TOTL',2001,21202642),('SAU','SP.POP.TOTL',2002,21805313),('SAU','SP.POP.TOTL',2003,22456649),('SAU','SP.POP.TOTL',2004,23132682),('SAU','SP.POP.TOTL',2005,23816183),('SAU','SP.POP.TOTL',2006,24498310),('SAU','SP.POP.TOTL',2007,25184597),('SAU','SP.POP.TOTL',2008,25888541),('SAU','SP.POP.TOTL',2009,26630303),('SAU','SP.POP.TOTL',2010,27421461),('SAU','SP.POP.TOTL',2011,28267685),('SAU','SP.POP.TOTL',2012,29155187),('SAU','SP.POP.TOTL',2013,30052518),('SAU','SP.POP.TOTL',2014,30916994),('SAU','SP.POP.TOTL',2015,31717667),('SAU','SP.POP.TOTL',2016,32442572),('SAU','SP.POP.TOTL',2017,33099147),('SAU','SP.POP.TOTL',2018,33699947),('USA','EN.ATM.CO2E.PC',1960,15.999779156588499),('USA','EN.ATM.CO2E.PC',1961,15.6812555160569),('USA','EN.ATM.CO2E.PC',1962,16.0139374979897),('USA','EN.ATM.CO2E.PC',1963,16.4827621458239),('USA','EN.ATM.CO2E.PC',1964,16.9681185789701),('USA','EN.ATM.CO2E.PC',1965,17.4517252487095),('USA','EN.ATM.CO2E.PC',1966,18.1210730107855),('USA','EN.ATM.CO2E.PC',1967,18.5983178821611),('USA','EN.ATM.CO2E.PC',1968,19.0893891562783),('USA','EN.ATM.CO2E.PC',1969,19.857945662309998),('USA','EN.ATM.CO2E.PC',1970,21.111252272594303),('USA','EN.ATM.CO2E.PC',1971,20.9802034758573),('USA','EN.ATM.CO2E.PC',1972,21.7486419846019),('USA','EN.ATM.CO2E.PC',1973,22.510582127233896),('USA','EN.ATM.CO2E.PC',1974,21.502930377734298),('USA','EN.ATM.CO2E.PC',1975,20.4022240696754),('USA','EN.ATM.CO2E.PC',1976,21.1576153736785),('USA','EN.ATM.CO2E.PC',1977,21.5324840060117),('USA','EN.ATM.CO2E.PC',1978,21.9730046948357),('USA','EN.ATM.CO2E.PC',1979,21.780436977627698),('USA','EN.ATM.CO2E.PC',1980,20.7864877412257),('USA','EN.ATM.CO2E.PC',1981,19.7667641742132),('USA','EN.ATM.CO2E.PC',1982,18.5904952301609),('USA','EN.ATM.CO2E.PC',1983,18.5715437097933),('USA','EN.ATM.CO2E.PC',1984,18.976750268207397),('USA','EN.ATM.CO2E.PC',1985,18.8823127427246),('USA','EN.ATM.CO2E.PC',1986,18.7207227161615),('USA','EN.ATM.CO2E.PC',1987,19.3503344229412),('USA','EN.ATM.CO2E.PC',1988,20.0104134086438),('USA','EN.ATM.CO2E.PC',1989,20.07576977866369),('USA','EN.ATM.CO2E.PC',1990,19.32275118078061),('USA','EN.ATM.CO2E.PC',1991,19.0561631861681),('USA','EN.ATM.CO2E.PC',1992,19.1394372782772),('USA','EN.ATM.CO2E.PC',1993,19.3470829142925),('USA','EN.ATM.CO2E.PC',1994,19.3608920479162),('USA','EN.ATM.CO2E.PC',1995,19.2765452647233),('USA','EN.ATM.CO2E.PC',1996,19.4960247370023),('USA','EN.ATM.CO2E.PC',1997,19.690363181579798),('USA','EN.ATM.CO2E.PC',1998,19.57923620103389),('USA','EN.ATM.CO2E.PC',1999,19.727169506164),('USA','EN.ATM.CO2E.PC',2000,20.1787505069199),('USA','EN.ATM.CO2E.PC',2001,19.63650506771869),('USA','EN.ATM.CO2E.PC',2002,19.613404076881398),('USA','EN.ATM.CO2E.PC',2003,19.5641045293305),('USA','EN.ATM.CO2E.PC',2004,19.6583711815214),('USA','EN.ATM.CO2E.PC',2005,19.5918852294317),('USA','EN.ATM.CO2E.PC',2006,19.0940665201349),('USA','EN.ATM.CO2E.PC',2007,19.217897835532),('USA','EN.ATM.CO2E.PC',2008,18.461763868080197),('USA','EN.ATM.CO2E.PC',2009,17.1577377931966),('USA','EN.ATM.CO2E.PC',2010,17.442861713392194),('USA','EN.ATM.CO2E.PC',2011,16.9769572829045),('USA','EN.ATM.CO2E.PC',2012,16.310471097693),('USA','EN.ATM.CO2E.PC',2013,16.3234767932125),('USA','EN.ATM.CO2E.PC',2014,16.502837239406),('USA','NE.EXP.GNFS.ZS',1970,5.56310752881526),('USA','NE.EXP.GNFS.ZS',1971,5.40524531055501),('USA','NE.EXP.GNFS.ZS',1972,5.53846033570217),('USA','NE.EXP.GNFS.ZS',1973,6.6838504366567095),('USA','NE.EXP.GNFS.ZS',1974,8.196121904451271),('USA','NE.EXP.GNFS.ZS',1975,8.23227910907684),('USA','NE.EXP.GNFS.ZS',1976,7.980892617320699),('USA','NE.EXP.GNFS.ZS',1977,7.6542900319239005),('USA','NE.EXP.GNFS.ZS',1978,7.947060702101001),('USA','NE.EXP.GNFS.ZS',1979,8.7590690791502),('USA','NE.EXP.GNFS.ZS',1980,9.82645547013324),('USA','NE.EXP.GNFS.ZS',1981,9.51777369925308),('USA','NE.EXP.GNFS.ZS',1982,8.46973298853486),('USA','NE.EXP.GNFS.ZS',1983,7.6222648194652916),('USA','NE.EXP.GNFS.ZS',1984,7.4891030913562),('USA','NE.EXP.GNFS.ZS',1985,6.98807253964585),('USA','NE.EXP.GNFS.ZS',1986,7.00925467575881),('USA','NE.EXP.GNFS.ZS',1987,7.49591933621889),('USA','NE.EXP.GNFS.ZS',1988,8.490523519995849),('USA','NE.EXP.GNFS.ZS',1989,8.938790197072448),('USA','NE.EXP.GNFS.ZS',1990,9.25473206751338),('USA','NE.EXP.GNFS.ZS',1991,9.66090512231881),('USA','NE.EXP.GNFS.ZS',1992,9.708914905648141),('USA','NE.EXP.GNFS.ZS',1993,9.54718039168286),('USA','NE.EXP.GNFS.ZS',1994,9.89314741556332),('USA','NE.EXP.GNFS.ZS',1995,10.639223880261),('USA','NE.EXP.GNFS.ZS',1996,10.7466355642836),('USA','NE.EXP.GNFS.ZS',1997,11.119754518777),('USA','NE.EXP.GNFS.ZS',1998,10.5152611231164),('USA','NE.EXP.GNFS.ZS',1999,10.3085101834807),('USA','NE.EXP.GNFS.ZS',2000,10.6927239610622),('USA','NE.EXP.GNFS.ZS',2001,9.682983310385767),('USA','NE.EXP.GNFS.ZS',2002,9.13224881991615),('USA','NE.EXP.GNFS.ZS',2003,9.04306987207242),('USA','NE.EXP.GNFS.ZS',2004,9.64186274172664),('USA','NE.EXP.GNFS.ZS',2005,10.0119737683374),('USA','NE.EXP.GNFS.ZS',2006,10.6598220961005),('USA','NE.EXP.GNFS.ZS',2007,11.4923141737205),('USA','NE.EXP.GNFS.ZS',2008,12.4860631262841),('USA','NE.EXP.GNFS.ZS',2009,10.948877659428401),('USA','NE.EXP.GNFS.ZS',2010,12.315058075235699),('USA','NE.EXP.GNFS.ZS',2011,13.5305390136184),('USA','NE.EXP.GNFS.ZS',2012,13.5289189711659),('USA','NE.EXP.GNFS.ZS',2013,13.5445244354918),('USA','NE.EXP.GNFS.ZS',2014,13.535773933254001),('USA','NE.EXP.GNFS.ZS',2015,12.4417529794929),('USA','NE.EXP.GNFS.ZS',2016,11.8703515039496),('USA','NE.EXP.GNFS.ZS',2017,12.094833790784),('USA','NE.EXP.GNFS.ZS',2018,12.2186917545542),('USA','NE.IMP.GNFS.ZS',1970,5.195177876144951),('USA','NE.IMP.GNFS.ZS',1971,5.35193372537237),('USA','NE.IMP.GNFS.ZS',1972,5.80215931389794),('USA','NE.IMP.GNFS.ZS',1973,6.3954353097007415),('USA','NE.IMP.GNFS.ZS',1974,8.248864418088289),('USA','NE.IMP.GNFS.ZS',1975,7.28409452407971),('USA','NE.IMP.GNFS.ZS',1976,8.067953018343001),('USA','NE.IMP.GNFS.ZS',1977,8.763604643231469),('USA','NE.IMP.GNFS.ZS',1978,9.02577352686406),('USA','NE.IMP.GNFS.ZS',1979,9.617125192305199),('USA','NE.IMP.GNFS.ZS',1980,10.2833892192894),('USA','NE.IMP.GNFS.ZS',1981,9.90813341390602),('USA','NE.IMP.GNFS.ZS',1982,9.06707929238358),('USA','NE.IMP.GNFS.ZS',1983,9.043328660845038),('USA','NE.IMP.GNFS.ZS',1984,10.033329098157699),('USA','NE.IMP.GNFS.ZS',1985,9.615833586657141),('USA','NE.IMP.GNFS.ZS',1986,9.88872247567544),('USA','NE.IMP.GNFS.ZS',1987,10.477661648351301),('USA','NE.IMP.GNFS.ZS',1988,10.579577185865698),('USA','NE.IMP.GNFS.ZS',1989,10.4763381889471),('USA','NE.IMP.GNFS.ZS',1990,10.560318516540901),('USA','NE.IMP.GNFS.ZS',1991,10.125543001778599),('USA','NE.IMP.GNFS.ZS',1992,10.241679596744198),('USA','NE.IMP.GNFS.ZS',1993,10.497438310292301),('USA','NE.IMP.GNFS.ZS',1994,11.162311746182),('USA','NE.IMP.GNFS.ZS',1995,11.8141577687958),('USA','NE.IMP.GNFS.ZS',1996,11.940436425957598),('USA','NE.IMP.GNFS.ZS',1997,12.3085665565188),('USA','NE.IMP.GNFS.ZS',1998,12.3106298065852),('USA','NE.IMP.GNFS.ZS',1999,12.9649624762195),('USA','NE.IMP.GNFS.ZS',2000,14.3509112638306),('USA','NE.IMP.GNFS.ZS',2001,13.1599745213201),('USA','NE.IMP.GNFS.ZS',2002,13.022022958046),('USA','NE.IMP.GNFS.ZS',2003,13.434030697806001),('USA','NE.IMP.GNFS.ZS',2004,14.710543998278501),('USA','NE.IMP.GNFS.ZS',2005,15.5440202721268),('USA','NE.IMP.GNFS.ZS',2006,16.2403265120172),('USA','NE.IMP.GNFS.ZS',2007,16.4634878988385),('USA','NE.IMP.GNFS.ZS',2008,17.4007349318961),('USA','NE.IMP.GNFS.ZS',2009,13.6926857960849),('USA','NE.IMP.GNFS.ZS',2010,15.7428942052039),('USA','NE.IMP.GNFS.ZS',2011,17.2587550423633),('USA','NE.IMP.GNFS.ZS',2012,17.0392649736644),('USA','NE.IMP.GNFS.ZS',2013,16.4684827889121),('USA','NE.IMP.GNFS.ZS',2014,16.4330764311238),('USA','NE.IMP.GNFS.ZS',2015,15.2950188510407),('USA','NE.IMP.GNFS.ZS',2016,14.6436490913943),('USA','NE.IMP.GNFS.ZS',2017,15.0474864512352),('USA','NE.IMP.GNFS.ZS',2018,15.3252110810918),('USA','NE.TRD.GNFS.ZS',1970,10.758285404960198),('USA','NE.TRD.GNFS.ZS',1971,10.7571790359274),('USA','NE.TRD.GNFS.ZS',1972,11.3406196496001),('USA','NE.TRD.GNFS.ZS',1973,13.0792857463575),('USA','NE.TRD.GNFS.ZS',1974,16.4449863225396),('USA','NE.TRD.GNFS.ZS',1975,15.5163736331565),('USA','NE.TRD.GNFS.ZS',1976,16.0488456356637),('USA','NE.TRD.GNFS.ZS',1977,16.417894675155402),('USA','NE.TRD.GNFS.ZS',1978,16.972834228965098),('USA','NE.TRD.GNFS.ZS',1979,18.376194271455397),('USA','NE.TRD.GNFS.ZS',1980,20.1098446894226),('USA','NE.TRD.GNFS.ZS',1981,19.425907113159106),('USA','NE.TRD.GNFS.ZS',1982,17.5368122809184),('USA','NE.TRD.GNFS.ZS',1983,16.665593480310303),('USA','NE.TRD.GNFS.ZS',1984,17.522432189514),('USA','NE.TRD.GNFS.ZS',1985,16.603906126303002),('USA','NE.TRD.GNFS.ZS',1986,16.8979771514343),('USA','NE.TRD.GNFS.ZS',1987,17.973580984570198),('USA','NE.TRD.GNFS.ZS',1988,19.0701007058615),('USA','NE.TRD.GNFS.ZS',1989,19.4151283860195),('USA','NE.TRD.GNFS.ZS',1990,19.8150505840543),('USA','NE.TRD.GNFS.ZS',1991,19.786448124097397),('USA','NE.TRD.GNFS.ZS',1992,19.950594502392303),('USA','NE.TRD.GNFS.ZS',1993,20.0446187019752),('USA','NE.TRD.GNFS.ZS',1994,21.0554591617453),('USA','NE.TRD.GNFS.ZS',1995,22.4533816490568),('USA','NE.TRD.GNFS.ZS',1996,22.687071990241197),('USA','NE.TRD.GNFS.ZS',1997,23.428321075295703),('USA','NE.TRD.GNFS.ZS',1998,22.8258909297017),('USA','NE.TRD.GNFS.ZS',1999,23.273472659700197),('USA','NE.TRD.GNFS.ZS',2000,25.043635224892807),('USA','NE.TRD.GNFS.ZS',2001,22.8429578317059),('USA','NE.TRD.GNFS.ZS',2002,22.154271777962197),('USA','NE.TRD.GNFS.ZS',2003,22.47710056987839),('USA','NE.TRD.GNFS.ZS',2004,24.3524067400051),('USA','NE.TRD.GNFS.ZS',2005,25.5559940404642),('USA','NE.TRD.GNFS.ZS',2006,26.9001486081178),('USA','NE.TRD.GNFS.ZS',2007,27.955802072559),('USA','NE.TRD.GNFS.ZS',2008,29.8867980581803),('USA','NE.TRD.GNFS.ZS',2009,24.641563455513396),('USA','NE.TRD.GNFS.ZS',2010,28.0579522804396),('USA','NE.TRD.GNFS.ZS',2011,30.7892940559817),('USA','NE.TRD.GNFS.ZS',2012,30.5681839448303),('USA','NE.TRD.GNFS.ZS',2013,30.013007224403896),('USA','NE.TRD.GNFS.ZS',2014,29.96885036437769),('USA','NE.TRD.GNFS.ZS',2015,27.7367718305336),('USA','NE.TRD.GNFS.ZS',2016,26.51400059534389),('USA','NE.TRD.GNFS.ZS',2017,27.142320242019306),('USA','NE.TRD.GNFS.ZS',2018,27.5439028356461),('USA','NY.GDP.MKTP.KD.ZG',1961,2.29999999999968),('USA','NY.GDP.MKTP.KD.ZG',1962,6.10000000000012),('USA','NY.GDP.MKTP.KD.ZG',1963,4.39999999999992),('USA','NY.GDP.MKTP.KD.ZG',1964,5.800000000000299),('USA','NY.GDP.MKTP.KD.ZG',1965,6.399999999999759),('USA','NY.GDP.MKTP.KD.ZG',1966,6.50000000000028),('USA','NY.GDP.MKTP.KD.ZG',1967,2.5000000000000298),('USA','NY.GDP.MKTP.KD.ZG',1968,4.7999999999995895),('USA','NY.GDP.MKTP.KD.ZG',1969,3.0999999999999903),('USA','NY.GDP.MKTP.KD.ZG',1970,-0.254079592763304),('USA','NY.GDP.MKTP.KD.ZG',1971,3.29336237777143),('USA','NY.GDP.MKTP.KD.ZG',1972,5.25889535776155),('USA','NY.GDP.MKTP.KD.ZG',1973,5.645719470374732),('USA','NY.GDP.MKTP.KD.ZG',1974,-0.540546529074902),('USA','NY.GDP.MKTP.KD.ZG',1975,-0.2054640121342),('USA','NY.GDP.MKTP.KD.ZG',1976,5.38813922657351),('USA','NY.GDP.MKTP.KD.ZG',1977,4.6241592068368895),('USA','NY.GDP.MKTP.KD.ZG',1978,5.53530269328533),('USA','NY.GDP.MKTP.KD.ZG',1979,3.16615027095321),('USA','NY.GDP.MKTP.KD.ZG',1980,-0.256751930992138),('USA','NY.GDP.MKTP.KD.ZG',1981,2.53771869780746),('USA','NY.GDP.MKTP.KD.ZG',1982,-1.80287445271176),('USA','NY.GDP.MKTP.KD.ZG',1983,4.5839273156610085),('USA','NY.GDP.MKTP.KD.ZG',1984,7.236619993573849),('USA','NY.GDP.MKTP.KD.ZG',1985,4.169655954302431),('USA','NY.GDP.MKTP.KD.ZG',1986,3.46265171279892),('USA','NY.GDP.MKTP.KD.ZG',1987,3.45957255534883),('USA','NY.GDP.MKTP.KD.ZG',1988,4.17704638444378),('USA','NY.GDP.MKTP.KD.ZG',1989,3.67265632851046),('USA','NY.GDP.MKTP.KD.ZG',1990,1.88596032309418),('USA','NY.GDP.MKTP.KD.ZG',1991,-0.108259105278663),('USA','NY.GDP.MKTP.KD.ZG',1992,3.52244249386644),('USA','NY.GDP.MKTP.KD.ZG',1993,2.75284432688012),('USA','NY.GDP.MKTP.KD.ZG',1994,4.0288390635428),('USA','NY.GDP.MKTP.KD.ZG',1995,2.68428713241977),('USA','NY.GDP.MKTP.KD.ZG',1996,3.77250131926519),('USA','NY.GDP.MKTP.KD.ZG',1997,4.44721634273408),('USA','NY.GDP.MKTP.KD.ZG',1998,4.481407554512071),('USA','NY.GDP.MKTP.KD.ZG',1999,4.75323598879717),('USA','NY.GDP.MKTP.KD.ZG',2000,4.127484013558529),('USA','NY.GDP.MKTP.KD.ZG',2001,0.9983407946565),('USA','NY.GDP.MKTP.KD.ZG',2002,1.7416952497298),('USA','NY.GDP.MKTP.KD.ZG',2003,2.86121076741024),('USA','NY.GDP.MKTP.KD.ZG',2004,3.79889112662393),('USA','NY.GDP.MKTP.KD.ZG',2005,3.51321379665302),('USA','NY.GDP.MKTP.KD.ZG',2006,2.85497229170015),('USA','NY.GDP.MKTP.KD.ZG',2007,1.8761714584669296),('USA','NY.GDP.MKTP.KD.ZG',2008,-0.136579805460741),('USA','NY.GDP.MKTP.KD.ZG',2009,-2.53675706585665),('USA','NY.GDP.MKTP.KD.ZG',2010,2.5637665587658103),('USA','NY.GDP.MKTP.KD.ZG',2011,1.55083550568156),('USA','NY.GDP.MKTP.KD.ZG',2012,2.24954585236992),('USA','NY.GDP.MKTP.KD.ZG',2013,1.84208107101102),('USA','NY.GDP.MKTP.KD.ZG',2014,2.45197303536034),('USA','NY.GDP.MKTP.KD.ZG',2015,2.8809104660521903),('USA','NY.GDP.MKTP.KD.ZG',2016,1.56721516997864),('USA','NY.GDP.MKTP.KD.ZG',2017,2.21701033031884),('USA','NY.GDP.MKTP.KD.ZG',2018,2.9273227282108505),('USA','NY.GDP.MKTP.KN',1960,3457188037625.69),('USA','NY.GDP.MKTP.KN',1961,3536703362491.07),('USA','NY.GDP.MKTP.KN',1962,3752442267603.03),('USA','NY.GDP.MKTP.KN',1963,3917549727377.56),('USA','NY.GDP.MKTP.KN',1964,4144767611565.47),('USA','NY.GDP.MKTP.KN',1965,4410032738705.65),('USA','NY.GDP.MKTP.KN',1966,4696684866721.53),('USA','NY.GDP.MKTP.KN',1967,4814101988389.57),('USA','NY.GDP.MKTP.KN',1968,5045178883832.25),('USA','NY.GDP.MKTP.KN',1969,5201579429231.05),('USA','NY.GDP.MKTP.KN',1970,5188363277400),('USA','NY.GDP.MKTP.KN',1971,5359234881600),('USA','NY.GDP.MKTP.KN',1972,5641071436000),('USA','NY.GDP.MKTP.KN',1973,5959550504400),('USA','NY.GDP.MKTP.KN',1974,5927336361000),('USA','NY.GDP.MKTP.KN',1975,5915157817900),('USA','NY.GDP.MKTP.KN',1976,6233874756600),('USA','NY.GDP.MKTP.KN',1977,6522139050100),('USA','NY.GDP.MKTP.KN',1978,6883159188600),('USA','NY.GDP.MKTP.KN',1979,7101090351900),('USA','NY.GDP.MKTP.KN',1980,7082858165300),('USA','NY.GDP.MKTP.KN',1981,7262601181300),('USA','NY.GDP.MKTP.KN',1982,7131665600000),('USA','NY.GDP.MKTP.KN',1983,7458575967500),('USA','NY.GDP.MKTP.KN',1984,7998324767200),('USA','NY.GDP.MKTP.KN',1985,8331827392100),('USA','NY.GDP.MKTP.KN',1986,8620329556000),('USA','NY.GDP.MKTP.KN',1987,8918556111500),('USA','NY.GDP.MKTP.KN',1988,9291088337100),('USA','NY.GDP.MKTP.KN',1989,9632318080900),('USA','NY.GDP.MKTP.KN',1990,9813979778100),('USA','NY.GDP.MKTP.KN',1991,9803355251400),('USA','NY.GDP.MKTP.KN',1992,10148672802600),('USA','NY.GDP.MKTP.KN',1993,10428049966100),('USA','NY.GDP.MKTP.KN',1994,10848179316700),('USA','NY.GDP.MKTP.KN',1995,11139375598200),('USA','NY.GDP.MKTP.KN',1996,11559608689600),('USA','NY.GDP.MKTP.KN',1997,12073689496400),('USA','NY.GDP.MKTP.KN',1998,12614760729600),('USA','NY.GDP.MKTP.KN',1999,13214370076500),('USA','NY.GDP.MKTP.KN',2000,13759791088900),('USA','NY.GDP.MKTP.KN',2001,13897160696600),('USA','NY.GDP.MKTP.KN',2002,14139206884300),('USA','NY.GDP.MKTP.KN',2003,14543759394100),('USA','NY.GDP.MKTP.KN',2004,15096260979200),('USA','NY.GDP.MKTP.KN',2005,15626624902700),('USA','NY.GDP.MKTP.KN',2006,16072760713800),('USA','NY.GDP.MKTP.KN',2007,16374313262900),('USA','NY.GDP.MKTP.KN',2008,16351949257700),('USA','NY.GDP.MKTP.KN',2009,15937140029500),('USA','NY.GDP.MKTP.KN',2010,16345731096000),('USA','NY.GDP.MKTP.KN',2011,16599226497500),('USA','NY.GDP.MKTP.KN',2012,16972633708700),('USA','NY.GDP.MKTP.KN',2013,17285283381500),('USA','NY.GDP.MKTP.KN',2014,17709113869100),('USA','NY.GDP.MKTP.KN',2015,18219297584000),('USA','NY.GDP.MKTP.KN',2016,18504833179600),('USA','NY.GDP.MKTP.KN',2017,18915087242800),('USA','NY.GDP.MKTP.KN',2018,19468792890719.4),('USA','NY.GDP.PCAP.KD.ZG',1961,0.618121192654741),('USA','NY.GDP.PCAP.KD.ZG',1962,4.48066935423358),('USA','NY.GDP.PCAP.KD.ZG',1963,2.908271948087529),('USA','NY.GDP.PCAP.KD.ZG',1964,4.34054896320299),('USA','NY.GDP.PCAP.KD.ZG',1965,5.07809761043293),('USA','NY.GDP.PCAP.KD.ZG',1966,5.27711385836413),('USA','NY.GDP.PCAP.KD.ZG',1967,1.38995128628369),('USA','NY.GDP.PCAP.KD.ZG',1968,3.7588193676318697),('USA','NY.GDP.PCAP.KD.ZG',1969,2.09736970647879),('USA','NY.GDP.PCAP.KD.ZG',1970,-1.40937952140182),('USA','NY.GDP.PCAP.KD.ZG',1971,1.99561083827386),('USA','NY.GDP.PCAP.KD.ZG',1972,4.1380849034194),('USA','NY.GDP.PCAP.KD.ZG',1973,4.642152687964058),('USA','NY.GDP.PCAP.KD.ZG',1974,-1.44512926777021),('USA','NY.GDP.PCAP.KD.ZG',1975,-1.18458928130345),('USA','NY.GDP.PCAP.KD.ZG',1976,4.39146280725922),('USA','NY.GDP.PCAP.KD.ZG',1977,3.5771527870299),('USA','NY.GDP.PCAP.KD.ZG',1978,4.42298236568715),('USA','NY.GDP.PCAP.KD.ZG',1979,2.03389197334039),('USA','NY.GDP.PCAP.KD.ZG',1980,-1.20930049875425),('USA','NY.GDP.PCAP.KD.ZG',1981,1.5363196774655),('USA','NY.GDP.PCAP.KD.ZG',1982,-2.73455689777417),('USA','NY.GDP.PCAP.KD.ZG',1983,3.63199312917162),('USA','NY.GDP.PCAP.KD.ZG',1984,6.31215461269001),('USA','NY.GDP.PCAP.KD.ZG',1985,3.25065615668603),('USA','NY.GDP.PCAP.KD.ZG',1986,2.5108916563569905),('USA','NY.GDP.PCAP.KD.ZG',1987,2.5389412496381603),('USA','NY.GDP.PCAP.KD.ZG',1988,3.23540133677642),('USA','NY.GDP.PCAP.KD.ZG',1989,2.69817477448851),('USA','NY.GDP.PCAP.KD.ZG',1990,0.741481518072391),('USA','NY.GDP.PCAP.KD.ZG',1991,-1.43419451514927),('USA','NY.GDP.PCAP.KD.ZG',1992,2.09661470539942),('USA','NY.GDP.PCAP.KD.ZG',1993,1.40675791175455),('USA','NY.GDP.PCAP.KD.ZG',1994,2.7609275425347),('USA','NY.GDP.PCAP.KD.ZG',1995,1.4687872674613798),('USA','NY.GDP.PCAP.KD.ZG',1996,2.57219576639159),('USA','NY.GDP.PCAP.KD.ZG',1997,3.19725295677171),('USA','NY.GDP.PCAP.KD.ZG',1998,3.2705240438442003),('USA','NY.GDP.PCAP.KD.ZG',1999,3.55719309222211),('USA','NY.GDP.PCAP.KD.ZG',2000,2.97520862601139),('USA','NY.GDP.PCAP.KD.ZG',2001,0.00364897860518454),('USA','NY.GDP.PCAP.KD.ZG',2002,0.802103852022327),('USA','NY.GDP.PCAP.KD.ZG',2003,1.98092583421372),('USA','NY.GDP.PCAP.KD.ZG',2004,2.84268064178576),('USA','NY.GDP.PCAP.KD.ZG',2005,2.56350240639679),('USA','NY.GDP.PCAP.KD.ZG',2006,1.867955513984),('USA','NY.GDP.PCAP.KD.ZG',2007,0.911865597890312),('USA','NY.GDP.PCAP.KD.ZG',2008,-1.07670008700785),('USA','NY.GDP.PCAP.KD.ZG',2009,-3.38743566041579),('USA','NY.GDP.PCAP.KD.ZG',2010,1.71674815989624),('USA','NY.GDP.PCAP.KD.ZG',2011,0.816231684014994),('USA','NY.GDP.PCAP.KD.ZG',2012,1.5021705826355298),('USA','NY.GDP.PCAP.KD.ZG',2013,1.13849725830684),('USA','NY.GDP.PCAP.KD.ZG',2014,1.70263424714736),('USA','NY.GDP.PCAP.KD.ZG',2015,2.12512281615798),('USA','NY.GDP.PCAP.KD.ZG',2016,0.835127873350956),('USA','NY.GDP.PCAP.KD.ZG',2017,1.56444443081496),('USA','NY.GDP.PCAP.KD.ZG',2018,2.29172949198735),('USA','NY.GDY.TOTL.KN',1970,5265826111195.5),('USA','NY.GDY.TOTL.KN',1971,5431627105470.42),('USA','NY.GDY.TOTL.KN',1972,5712032894447.19),('USA','NY.GDY.TOTL.KN',1973,6031908960681.3),('USA','NY.GDY.TOTL.KN',1974,5957046428631.03),('USA','NY.GDY.TOTL.KN',1975,5949894967623.04),('USA','NY.GDY.TOTL.KN',1976,6270962082734.13),('USA','NY.GDY.TOTL.KN',1977,6546005001499.72),('USA','NY.GDY.TOTL.KN',1978,6906414231943.93),('USA','NY.GDY.TOTL.KN',1979,7110535242678.27),('USA','NY.GDY.TOTL.KN',1980,7047464233550.17),('USA','NY.GDY.TOTL.KN',1981,7233542949300.85),('USA','NY.GDY.TOTL.KN',1982,7118050918916.34),('USA','NY.GDY.TOTL.KN',1983,7459896825304.63),('USA','NY.GDY.TOTL.KN',1984,8006667087146.72),('USA','NY.GDY.TOTL.KN',1985,8341723715333.25),('USA','NY.GDY.TOTL.KN',1986,8623714860667.58),('USA','NY.GDY.TOTL.KN',1987,8905294766071.25),('USA','NY.GDY.TOTL.KN',1988,9277367750317.22),('USA','NY.GDY.TOTL.KN',1989,9613943825580.38),('USA','NY.GDY.TOTL.KN',1990,9779635299060.04),('USA','NY.GDY.TOTL.KN',1991,9779858067359.5),('USA','NY.GDY.TOTL.KN',1992,10119425567604.1),('USA','NY.GDY.TOTL.KN',1993,10404784894260.8),('USA','NY.GDY.TOTL.KN',1994,10824669819224.5),('USA','NY.GDY.TOTL.KN',1995,11108988401301.4),('USA','NY.GDY.TOTL.KN',1996,11530867017706.6),('USA','NY.GDY.TOTL.KN',1997,12061011044592.5),('USA','NY.GDY.TOTL.KN',1998,12638266972414.7),('USA','NY.GDY.TOTL.KN',1999,13222781585275),('USA','NY.GDY.TOTL.KN',2000,13737597275214.6),('USA','NY.GDY.TOTL.KN',2001,13899125663615.9),('USA','NY.GDY.TOTL.KN',2002,14147527414067.5),('USA','NY.GDY.TOTL.KN',2003,14534161771280.2),('USA','NY.GDY.TOTL.KN',2004,15070915017497.3),('USA','NY.GDY.TOTL.KN',2005,15566762152984.4),('USA','NY.GDY.TOTL.KN',2006,15997768655907.9),('USA','NY.GDY.TOTL.KN',2007,16297410441777.3),('USA','NY.GDY.TOTL.KN',2008,16185102325904.2),('USA','NY.GDY.TOTL.KN',2009,15872001435429.6),('USA','NY.GDY.TOTL.KN',2010,16248982425372.1),('USA','NY.GDY.TOTL.KN',2011,16472822582991.9),('USA','NY.GDY.TOTL.KN',2012,16853453092252.9),('USA','NY.GDY.TOTL.KN',2013,17193551889022.3),('USA','NY.GDY.TOTL.KN',2014,17633030564013.7),('USA','NY.GDY.TOTL.KN',2015,18219297584000),('USA','NY.GDY.TOTL.KN',2016,18542216382392.5),('USA','NY.GDY.TOTL.KN',2017,18961740896296.2),('USA','NY.GDY.TOTL.KN',2018,19529002920606.9),('USA','SP.DYN.LE00.IN',1960,69.77073170731711),('USA','SP.DYN.LE00.IN',1961,70.27073170731711),('USA','SP.DYN.LE00.IN',1962,70.119512195122),('USA','SP.DYN.LE00.IN',1963,69.91707317073171),('USA','SP.DYN.LE00.IN',1964,70.1658536585366),('USA','SP.DYN.LE00.IN',1965,70.2146341463415),('USA','SP.DYN.LE00.IN',1966,70.2121951219512),('USA','SP.DYN.LE00.IN',1967,70.5609756097561),('USA','SP.DYN.LE00.IN',1968,69.9512195121951),('USA','SP.DYN.LE00.IN',1969,70.5073170731708),('USA','SP.DYN.LE00.IN',1970,70.8073170731707),('USA','SP.DYN.LE00.IN',1971,71.1073170731707),('USA','SP.DYN.LE00.IN',1972,71.1560975609756),('USA','SP.DYN.LE00.IN',1973,71.35609756097558),('USA','SP.DYN.LE00.IN',1974,71.95609756097559),('USA','SP.DYN.LE00.IN',1975,72.60487804878049),('USA','SP.DYN.LE00.IN',1976,72.85609756097558),('USA','SP.DYN.LE00.IN',1977,73.25609756097559),('USA','SP.DYN.LE00.IN',1978,73.35609756097558),('USA','SP.DYN.LE00.IN',1979,73.8048780487805),('USA','SP.DYN.LE00.IN',1980,73.609756097561),('USA','SP.DYN.LE00.IN',1981,74.009756097561),('USA','SP.DYN.LE00.IN',1982,74.3609756097561),('USA','SP.DYN.LE00.IN',1983,74.4634146341463),('USA','SP.DYN.LE00.IN',1984,74.5634146341464),('USA','SP.DYN.LE00.IN',1985,74.5634146341464),('USA','SP.DYN.LE00.IN',1986,74.6146341463415),('USA','SP.DYN.LE00.IN',1987,74.7658536585366),('USA','SP.DYN.LE00.IN',1988,74.7658536585366),('USA','SP.DYN.LE00.IN',1989,75.0170731707317),('USA','SP.DYN.LE00.IN',1990,75.2146341463415),('USA','SP.DYN.LE00.IN',1991,75.3658536585366),('USA','SP.DYN.LE00.IN',1992,75.6170731707317),('USA','SP.DYN.LE00.IN',1993,75.41951219512201),('USA','SP.DYN.LE00.IN',1994,75.619512195122),('USA','SP.DYN.LE00.IN',1995,75.62195121951221),('USA','SP.DYN.LE00.IN',1996,76.0268292682927),('USA','SP.DYN.LE00.IN',1997,76.4292682926829),('USA','SP.DYN.LE00.IN',1998,76.58048780487809),('USA','SP.DYN.LE00.IN',1999,76.58292682926829),('USA','SP.DYN.LE00.IN',2000,76.6365853658537),('USA','SP.DYN.LE00.IN',2001,76.83658536585371),('USA','SP.DYN.LE00.IN',2002,76.9365853658537),('USA','SP.DYN.LE00.IN',2003,77.0365853658537),('USA','SP.DYN.LE00.IN',2004,77.4878048780488),('USA','SP.DYN.LE00.IN',2005,77.4878048780488),('USA','SP.DYN.LE00.IN',2006,77.6878048780488),('USA','SP.DYN.LE00.IN',2007,77.9878048780488),('USA','SP.DYN.LE00.IN',2008,78.0390243902439),('USA','SP.DYN.LE00.IN',2009,78.390243902439),('USA','SP.DYN.LE00.IN',2010,78.5414634146342),('USA','SP.DYN.LE00.IN',2011,78.64146341463409),('USA','SP.DYN.LE00.IN',2012,78.7414634146342),('USA','SP.DYN.LE00.IN',2013,78.7414634146342),('USA','SP.DYN.LE00.IN',2014,78.84146341463409),('USA','SP.DYN.LE00.IN',2015,78.69024390243901),('USA','SP.DYN.LE00.IN',2016,78.5390243902439),('USA','SP.DYN.LE00.IN',2017,78.5390243902439),('USA','SP.DYN.TFRT.IN',1960,3.654),('USA','SP.DYN.TFRT.IN',1961,3.62),('USA','SP.DYN.TFRT.IN',1962,3.4610000000000003),('USA','SP.DYN.TFRT.IN',1963,3.319),('USA','SP.DYN.TFRT.IN',1964,3.19),('USA','SP.DYN.TFRT.IN',1965,2.9130000000000003),('USA','SP.DYN.TFRT.IN',1966,2.721),('USA','SP.DYN.TFRT.IN',1967,2.5580000000000003),('USA','SP.DYN.TFRT.IN',1968,2.464),('USA','SP.DYN.TFRT.IN',1969,2.456),('USA','SP.DYN.TFRT.IN',1970,2.48),('USA','SP.DYN.TFRT.IN',1971,2.266),('USA','SP.DYN.TFRT.IN',1972,2.01),('USA','SP.DYN.TFRT.IN',1973,1.879),('USA','SP.DYN.TFRT.IN',1974,1.835),('USA','SP.DYN.TFRT.IN',1975,1.774),('USA','SP.DYN.TFRT.IN',1976,1.7380000000000002),('USA','SP.DYN.TFRT.IN',1977,1.79),('USA','SP.DYN.TFRT.IN',1978,1.76),('USA','SP.DYN.TFRT.IN',1979,1.808),('USA','SP.DYN.TFRT.IN',1980,1.8395),('USA','SP.DYN.TFRT.IN',1981,1.812),('USA','SP.DYN.TFRT.IN',1982,1.8275),('USA','SP.DYN.TFRT.IN',1983,1.7990000000000002),('USA','SP.DYN.TFRT.IN',1984,1.8065),('USA','SP.DYN.TFRT.IN',1985,1.844),('USA','SP.DYN.TFRT.IN',1986,1.8375),('USA','SP.DYN.TFRT.IN',1987,1.872),('USA','SP.DYN.TFRT.IN',1988,1.934),('USA','SP.DYN.TFRT.IN',1989,2.014),('USA','SP.DYN.TFRT.IN',1990,2.081),('USA','SP.DYN.TFRT.IN',1991,2.0625),('USA','SP.DYN.TFRT.IN',1992,2.046),('USA','SP.DYN.TFRT.IN',1993,2.0195),('USA','SP.DYN.TFRT.IN',1994,2.0015),('USA','SP.DYN.TFRT.IN',1995,1.978),('USA','SP.DYN.TFRT.IN',1996,1.976),('USA','SP.DYN.TFRT.IN',1997,1.971),('USA','SP.DYN.TFRT.IN',1998,1.999),('USA','SP.DYN.TFRT.IN',1999,2.0075),('USA','SP.DYN.TFRT.IN',2000,2.056),('USA','SP.DYN.TFRT.IN',2001,2.0305),('USA','SP.DYN.TFRT.IN',2002,2.0205),('USA','SP.DYN.TFRT.IN',2003,2.0475),('USA','SP.DYN.TFRT.IN',2004,2.0515),('USA','SP.DYN.TFRT.IN',2005,2.057),('USA','SP.DYN.TFRT.IN',2006,2.108),('USA','SP.DYN.TFRT.IN',2007,2.12),('USA','SP.DYN.TFRT.IN',2008,2.072),('USA','SP.DYN.TFRT.IN',2009,2.002),('USA','SP.DYN.TFRT.IN',2010,1.931),('USA','SP.DYN.TFRT.IN',2011,1.8945),('USA','SP.DYN.TFRT.IN',2012,1.8805),('USA','SP.DYN.TFRT.IN',2013,1.8575),('USA','SP.DYN.TFRT.IN',2014,1.8625),('USA','SP.DYN.TFRT.IN',2015,1.8435),('USA','SP.DYN.TFRT.IN',2016,1.8205),('USA','SP.DYN.TFRT.IN',2017,1.7655),('USA','SP.POP.TOTL',1960,180671000),('USA','SP.POP.TOTL',1961,183691000),('USA','SP.POP.TOTL',1962,186538000),('USA','SP.POP.TOTL',1963,189242000),('USA','SP.POP.TOTL',1964,191889000),('USA','SP.POP.TOTL',1965,194303000),('USA','SP.POP.TOTL',1966,196560000),('USA','SP.POP.TOTL',1967,198712000),('USA','SP.POP.TOTL',1968,200706000),('USA','SP.POP.TOTL',1969,202677000),('USA','SP.POP.TOTL',1970,205052000),('USA','SP.POP.TOTL',1971,207661000),('USA','SP.POP.TOTL',1972,209896000),('USA','SP.POP.TOTL',1973,211909000),('USA','SP.POP.TOTL',1974,213854000),('USA','SP.POP.TOTL',1975,215973000),('USA','SP.POP.TOTL',1976,218035000),('USA','SP.POP.TOTL',1977,220239000),('USA','SP.POP.TOTL',1978,222585000),('USA','SP.POP.TOTL',1979,225055000),('USA','SP.POP.TOTL',1980,227225000),('USA','SP.POP.TOTL',1981,229466000),('USA','SP.POP.TOTL',1982,231664000),('USA','SP.POP.TOTL',1983,233792000),('USA','SP.POP.TOTL',1984,235825000),('USA','SP.POP.TOTL',1985,237924000),('USA','SP.POP.TOTL',1986,240133000),('USA','SP.POP.TOTL',1987,242289000),('USA','SP.POP.TOTL',1988,244499000),('USA','SP.POP.TOTL',1989,246819000),('USA','SP.POP.TOTL',1990,249623000),('USA','SP.POP.TOTL',1991,252981000),('USA','SP.POP.TOTL',1992,256514000),('USA','SP.POP.TOTL',1993,259919000),('USA','SP.POP.TOTL',1994,263126000),('USA','SP.POP.TOTL',1995,266278000),('USA','SP.POP.TOTL',1996,269394000),('USA','SP.POP.TOTL',1997,272657000),('USA','SP.POP.TOTL',1998,275854000),('USA','SP.POP.TOTL',1999,279040000),('USA','SP.POP.TOTL',2000,282162411),('USA','SP.POP.TOTL',2001,284968955),('USA','SP.POP.TOTL',2002,287625193),('USA','SP.POP.TOTL',2003,290107933),('USA','SP.POP.TOTL',2004,292805298),('USA','SP.POP.TOTL',2005,295516599),('USA','SP.POP.TOTL',2006,298379912),('USA','SP.POP.TOTL',2007,301231207),('USA','SP.POP.TOTL',2008,304093966),('USA','SP.POP.TOTL',2009,306771529),('USA','SP.POP.TOTL',2010,309326085),('USA','SP.POP.TOTL',2011,311580009),('USA','SP.POP.TOTL',2012,313874218),('USA','SP.POP.TOTL',2013,316057727),('USA','SP.POP.TOTL',2014,318386421),('USA','SP.POP.TOTL',2015,320742673),('USA','SP.POP.TOTL',2016,323071342),('USA','SP.POP.TOTL',2017,325147121),('USA','SP.POP.TOTL',2018,327167434);
/*!40000 ALTER TABLE `measurements` ENABLE KEYS */;
UNLOCK TABLES;

--
-- Table structure for table `years`
--

DROP TABLE IF EXISTS `years`;
/*!40101 SET @saved_cs_client     = @@character_set_client */;
/*!50503 SET character_set_client = utf8mb4 */;
CREATE TABLE `years` (
  `YEAR` int(11) NOT NULL,
  `5YR_PERIOD` int(11) DEFAULT NULL,
  `10YR_PERIOD` int(11) DEFAULT NULL,
  `20YR_PERIOD` int(11) DEFAULT NULL,
  PRIMARY KEY (`YEAR`)
) ENGINE=InnoDB DEFAULT CHARSET=utf8mb4 COLLATE=utf8mb4_0900_ai_ci;
/*!40101 SET character_set_client = @saved_cs_client */;

--
-- Dumping data for table `years`
--

LOCK TABLES `years` WRITE;
/*!40000 ALTER TABLE `years` DISABLE KEYS */;
INSERT INTO `years` VALUES (1960,1960,1960,1960),(1961,1960,1960,1960),(1962,1960,1960,1960),(1963,1960,1960,1960),(1964,1960,1960,1960),(1965,1965,1960,1960),(1966,1965,1960,1960),(1967,1965,1960,1960),(1968,1965,1960,1960),(1969,1965,1960,1960),(1970,1970,1970,1960),(1971,1970,1970,1960),(1972,1970,1970,1960),(1973,1970,1970,1960),(1974,1970,1970,1960),(1975,1975,1970,1960),(1976,1975,1970,1960),(1977,1975,1970,1960),(1978,1975,1970,1960),(1979,1975,1970,1960),(1980,1980,1980,1980),(1981,1980,1980,1980),(1982,1980,1980,1980),(1983,1980,1980,1980),(1984,1980,1980,1980),(1985,1985,1980,1980),(1986,1985,1980,1980),(1987,1985,1980,1980),(1988,1985,1980,1980),(1989,1985,1980,1980),(1990,1990,1990,1980),(1991,1990,1990,1980),(1992,1990,1990,1980),(1993,1990,1990,1980),(1994,1990,1990,1980),(1995,1995,1990,1980),(1996,1995,1990,1980),(1997,1995,1990,1980),(1998,1995,1990,1980),(1999,1995,1990,1980),(2000,2000,2000,2000),(2001,2000,2000,2000),(2002,2000,2000,2000),(2003,2000,2000,2000),(2004,2000,2000,2000),(2005,2005,2000,2000),(2006,2005,2000,2000),(2007,2005,2000,2000),(2008,2005,2000,2000),(2009,2005,2000,2000),(2010,2010,2010,2000),(2011,2010,2010,2000),(2012,2010,2010,2000),(2013,2010,2010,2000),(2014,2010,2010,2000),(2015,2015,2010,2000),(2016,2015,2010,2000),(2017,2015,2010,2000),(2018,2015,2010,2000),(2019,2015,2010,2000);
/*!40000 ALTER TABLE `years` ENABLE KEYS */;
UNLOCK TABLES;

--
-- Dumping events for database 'worldbank'
--

--
-- Dumping routines for database 'worldbank'
--
/*!40103 SET TIME_ZONE=@OLD_TIME_ZONE */;

/*!40101 SET SQL_MODE=@OLD_SQL_MODE */;
/*!40014 SET FOREIGN_KEY_CHECKS=@OLD_FOREIGN_KEY_CHECKS */;
/*!40014 SET UNIQUE_CHECKS=@OLD_UNIQUE_CHECKS */;
/*!40101 SET CHARACTER_SET_CLIENT=@OLD_CHARACTER_SET_CLIENT */;
/*!40101 SET CHARACTER_SET_RESULTS=@OLD_CHARACTER_SET_RESULTS */;
/*!40101 SET COLLATION_CONNECTION=@OLD_COLLATION_CONNECTION */;
/*!40111 SET SQL_NOTES=@OLD_SQL_NOTES */;

-- Dump completed on 2020-03-26 21:23:01
